Workbook

Sheet CV Coop LLP Primary Alloc
A1: CV COOP PRIMARY SPECIES ALLOCATIONS by LLP | I1: 2204.62 | K1: Updated for 2026
D2: 2026 | E2: CV TAC (mt) | F2: CV QS POOL | G2: CV TAC (lbs)
D3: POP | E3: ='TAC Sector Allocations'!J6 -> 14806.072 | F3: ='Alloc by Sector'!D19 -> 60000262 | G3: =E3*$I$1 -> 32641763
D4: NR | E4: ='TAC Sector Allocations'!J9 -> 2022.4208 | F4: ='Alloc by Sector'!D20 -> 27754394 | G4: =E4*$I$1 -> 4458669.3 | I4: =G6*0.4 -> 17870481 | J4: 40% Processing Cap for Primary Rockfish
D5: Dusky | E5: ='TAC Sector Allocations'!J12 -> 3436.3151 | F5: ='Alloc by Sector'!D21 -> 19486501 | G5: =E5*$I$1 -> 7575768.9 | I5: =G3*0.08 -> 2611341.1 | J5: 8% POP only Harvest Cap
D6: TOTAL | E6: =SUM(E3:E5) -> 20264.808 | F6: =SUM(F3:F5) -> 107241157 | G6: =SUM(G3:G5) -> 44676202
A7: Silver Bay Seafoods
C8: QS UNITS | G8: 2026 TAC - METRIC TONS | K8: 2026 TAC - POUNDS | P8: % CV Pool Harvest Allocation for Exhibit B
A9: LLP | B9: Vessel | D9: POP | E9: DUSKY | F9: TOTAL | G9: POP | H9: NR | I9: DUSKY | J9: TOTAL | K9: POP | L9: NR | M9: DUSKY | N9: TOTAL | P9: POP | Q9: NR | R9: Dusky
A10: 2696 | B10: MAR PACIFICO | C10: 1973449 | D10: 1253570 | E10: 780343 | F10: =SUM(C10:E10) -> 4007362 | G10: =+C10/$F$3*$E$3 -> 486.98169 | H10: =+D10/$F$4*$E$4 -> 91.345754 | I10: =+E10/$F$5*$E$5 -> 137.60831 | J10: =SUM(G10:I10) -> 715.93575 | K10: =+G10*$I$1 -> 1073609.6 | L10: =+H10*$I$1 -> 201382.68 | M10: =+I10*$I$1 -> 303374.03 | N10: =SUM(K10:M10) -> 1578366.3 | P10: =C10/$F$3 -> 0.032890673 | Q10: =D10/$F$4 -> 0.045166542 | R10: =E10/$F$5 -> 0.040045311
A11: 1554 | B11: CHELLISSA | C11: 510284 | D11: 238904 | E11: 161211 | F11: =SUM(C11:E11) -> 910399 | G11: =+C11/$F$3*$E$3 -> 125.92115 | H11: =+D11/$F$4*$E$4 -> 17.408574 | I11: =+E11/$F$5*$E$5 -> 28.428489 | J11: =SUM(G11:I11) -> 171.75821 | K11: =+G11*$I$1 -> 277608.28 | L11: =+H11*$I$1 -> 38379.29 | M11: =+I11*$I$1 -> 62674.016 | N11: =SUM(K11:M11) -> 378661.59 | P11: =C11/$F$3 -> 0.0085046962 | Q11: =D11/$F$4 -> 0.0086077902 | R11: =E11/$F$5 -> 0.0082729578
A12: 2165 | B12: DAWN | C12: 1257125 | D12: 307669 | E12: 339446 | F12: =SUM(C12:E12) -> 1904240 | G12: =+C12/$F$3*$E$3 -> 310.21671 | H12: =+D12/$F$4*$E$4 -> 22.419376 | I12: =+E12/$F$5*$E$5 -> 59.859048 | J12: =SUM(G12:I12) -> 392.49513 | K12: =+G12*$I$1 -> 683909.96 | L12: =+H12*$I$1 -> 49426.204 | M12: =+I12*$I$1 -> 131966.46 | N12: =SUM(K12:M12) -> 865302.62 | P12: =C12/$F$3 -> 0.020951992 | Q12: =D12/$F$4 -> 0.011085416 | R12: =E12/$F$5 -> 0.017419546
A13: 1841 | B13: MAR DEL NORTE | C13: 1479627 | D13: 765284 | E13: 437036 | F13: =SUM(C13:E13) -> 2681947 | G13: =+C13/$F$3*$E$3 -> 365.12281 | H13: =+D13/$F$4*$E$4 -> 55.76509 | I13: =+E13/$F$5*$E$5 -> 77.068397 | J13: =SUM(G13:I13) -> 497.9563 | K13: =+G13*$I$1 -> 804957.06 | L13: =+H13*$I$1 -> 122940.83 | M13: =+I13*$I$1 -> 169906.53 | N13: =SUM(K13:M13) -> 1097804.4 | P13: =C13/$F$3 -> 0.024660342 | Q13: =D13/$F$4 -> 0.027573436 | R13: =E13/$F$5 -> 0.022427628
A14: 4851 | B14: PK FISH HOLDINGS | C14: 1100949 | D14: 608301 | E14: 260197 | F14: =SUM(C14:E14) -> 1969447 | G14: =+C14/$F$3*$E$3 -> 271.67766 | H14: =+D14/$F$4*$E$4 -> 44.325976 | I14: =+E14/$F$5*$E$5 -> 45.884013 | J14: =SUM(G14:I14) -> 361.88765 | K14: =+G14*$I$1 -> 598946 | L14: =+H14*$I$1 -> 97721.932 | M14: =+I14*$I$1 -> 101156.81 | N14: =SUM(K14:M14) -> 797824.74 | P14: =C14/$F$3 -> 0.01834907 | Q14: =D14/$F$4 -> 0.021917286 | R14: =E14/$F$5 -> 0.013352679
A15: 3665 | B15: EVIE GRACE | C15: 2506083 | D15: 1296343 | E15: 775881 | F15: =SUM(C15:E15) -> 4578307 | G15: =+C15/$F$3*$E$3 -> 618.41807 | H15: =+D15/$F$4*$E$4 -> 94.462557 | I15: =+E15/$F$5*$E$5 -> 136.82146 | J15: =SUM(G15:I15) -> 849.70209 | K15: =+G15*$I$1 -> 1363376.8 | L15: =+H15*$I$1 -> 208254.04 | M15: =+I15*$I$1 -> 301639.33 | N15: =SUM(K15:M15) -> 1873270.2 | P15: =C15/$F$3 -> 0.041767868 | Q15: =D15/$F$4 -> 0.046707667 | R15: =E15/$F$5 -> 0.039816332
A16: 3496 | B16: MiRoCo | C16: 972179 | D16: 956843 | E16: 663736 | F16: =SUM(C16:E16) -> 2592758 | G16: =+C16/$F$3*$E$3 -> 239.9015 | H16: =+D16/$F$4*$E$4 -> 69.723705 | I16: =+E16/$F$5*$E$5 -> 117.04544 | J16: =SUM(G16:I16) -> 426.67064 | K16: =+G16*$I$1 -> 528891.64 | L16: =+H16*$I$1 -> 153714.27 | M16: =+I16*$I$1 -> 258040.71 | N16: =SUM(K16:M16) -> 940646.62 | P16: =C16/$F$3 -> 0.016202913 | Q16: =D16/$F$4 -> 0.03447537 | R16: =E16/$F$5 -> 0.034061323
A17: 2319 | B17: LAURA | C17: 970988 | D17: 73471 | E17: 92582 | F17: =SUM(C17:E17) -> 1137041 | G17: =+C17/$F$3*$E$3 -> 239.6076 | H17: =+D17/$F$4*$E$4 -> 5.3537209 | I17: =+E17/$F$5*$E$5 -> 16.326221 | J17: =SUM(G17:I17) -> 261.28754 | K17: =+G17*$I$1 -> 528243.7 | L17: =+H17*$I$1 -> 11802.92 | M17: =+I17*$I$1 -> 35993.113 | N17: =SUM(K17:M17) -> 576039.73 | P17: =C17/$F$3 -> 0.016183063 | Q17: =D17/$F$4 -> 0.0026471844 | R17: =E17/$F$5 -> 0.0047510838
A18: 3600 | B18: HICKORY WIND | C18: 827739 | D18: 271795 | E18: 135897 | F18: =SUM(C18:E18) -> 1235431 | G18: =+C18/$F$3*$E$3 -> 204.2585 | H18: =+D18/$F$4*$E$4 -> 19.805291 | I18: =+E18/$F$5*$E$5 -> 23.964534 | J18: =SUM(G18:I18) -> 248.02833 | K18: =+G18*$I$1 -> 450312.38 | L18: =+H18*$I$1 -> 43663.141 | M18: =+I18*$I$1 -> 52832.69 | N18: =SUM(K18:M18) -> 546808.21 | P18: =C18/$F$3 -> 0.01379559 | Q18: =D18/$F$4 -> 0.0097928638 | R18: =E18/$F$5 -> 0.0069739047
A19: 3896 | B19: AMERICAN EAGLE | C19: 1952646 | D19: 625968 | E19: 395511 | F19: =SUM(C19:E19) -> 2974125 | G19: =+C19/$F$3*$E$3 -> 481.8482 | H19: =+D19/$F$4*$E$4 -> 45.613343 | I19: =+E19/$F$5*$E$5 -> 69.745739 | J19: =SUM(G19:I19) -> 597.20728 | K19: =+G19*$I$1 -> 1062292.2 | L19: =+H19*$I$1 -> 100560.09 | M19: =+I19*$I$1 -> 153762.85 | N19: =SUM(K19:M19) -> 1316615.1 | P19: =C19/$F$3 -> 0.032543958 | Q19: =D19/$F$4 -> 0.022553834 | R19: =E19/$F$5 -> 0.020296666
A20: 2565 | B20: VANGUARD | C20: 2340030 | D20: 110213 | E20: 238931 | F20: =SUM(C20:E20) -> 2689174 | G20: =+C20/$F$3*$E$3 -> 577.4417 | H20: =+D20/$F$4*$E$4 -> 8.0310549 | I20: =+E20/$F$5*$E$5 -> 42.133895 | J20: =SUM(G20:I20) -> 627.60666 | K20: =+G20*$I$1 -> 1273039.5 | L20: =+H20*$I$1 -> 17705.424 | M20: =+I20*$I$1 -> 92889.229 | N20: =SUM(K20:M20) -> 1383634.2 | P20: =C20/$F$3 -> 0.03900033 | Q20: =D20/$F$4 -> 0.0039710109 | R20: =E20/$F$5 -> 0.01226136
A21: 1755 | B21: ENTERPRISE | C21: 167048 | D21: 61131 | E21: 23547 | F21: =SUM(C21:E21) -> 251726 | G21: =+C21/$F$3*$E$3 -> 41.2219 | H21: =+D21/$F$4*$E$4 -> 4.4545237 | I21: =+E21/$F$5*$E$5 -> 4.1523571 | J21: =SUM(G21:I21) -> 49.82878 | K21: =+G21*$I$1 -> 90878.624 | L21: =+H21*$I$1 -> 9820.532 | M21: =+I21*$I$1 -> 9154.3695 | N21: =SUM(K21:M21) -> 109853.53 | O21: Moved from NP to SBS for 2026 | P21: =C21/$F$3 -> 0.0027841212 | Q21: =D21/$F$4 -> 0.0022025702 | R21: =E21/$F$5 -> 0.001208375
A22: =COUNT(A10:A20) -> 11 | B22: TOTAL | C22: =SUM(C10:C21) -> 16058147 | D22: =SUM(D10:D21) -> 6569492 | E22: =SUM(E10:E21) -> 4304318 | F22: =SUM(F10:F21) -> 26931957 | G22: =SUM(G10:G21) -> 3962.6175 | H22: =SUM(H10:H21) -> 478.70896 | I22: =SUM(I10:I21) -> 759.0379 | J22: =SUM(J10:J21) -> 5200.3643 | ... N22: =SUM(N10:N21) -> 11464827 | P22: =C22/$F$3 -> 0.26763461 | Q22: =D22/$F$4 -> 0.23670097 | R22: =E22/$F$5 -> 0.22088717
C23: =C22/$F$3 -> 0.26763461 | D23: =D22/$F$4 -> 0.23670097 | E23: =E22/$F$5 -> 0.22088717 | F23: =F22/$F$6 -> 0.25113452 | G23: =G22/E3 -> 0.26763461 | H23: =H22/E4 -> 0.23670097 | I23: =I22/E5 -> 0.22088717 | J23: =J22/E6 -> 0.25662046 | K23: =+K22/G3 -> 0.26763461 | L23: =+L22/G4 -> 0.23670097 | M23: =+M22/G5 -> 0.22088717 | N23: =N22/G6 -> 0.25662046
E25: check: | F25: =SUM(C22:E22) -> 26931957 | I25: check: | J25: =SUM(G22:I22) -> 5200.3643 | M25: check: | N25: =SUM(K22:M22) -> 11464827
A27: NORTH PACIFIC
C28: QS UNITS | G28: 2026 TAC - METRIC TONS | K28: 2026 TAC - POUNDS | P28: % CV Pool Harvest Allocation for Exhibit B
A29: LLP | B29: Vessel | C29: POP | D29: NR | E29: DUSKY | F29: TOTAL | G29: POP | H29: NR | I29: DUSKY | J29: TOTAL | K29: POP | L29: NR | M29: DUSKY | N29: TOTAL | P29: POP | Q29: NR | R29: Dusky
A30: 2487 | B30: NICHOLE | C30: 1345844 | D30: 796811 | E30: 820370 | F30: =SUM(C30:E30) -> 2963025 | G30: =+C30/$F$3*$E$3 -> 332.10961 | H30: =+D30/$F$4*$E$4 -> 58.062415 | I30: =+E30/$F$5*$E$5 -> 144.6668 | J30: =SUM(G30:I30) -> 534.83883 | K30: =+G30*$I$1 -> 732175.49 | L30: =+H30*$I$1 -> 128005.56 | M30: =+I30*$I$1 -> 318935.33 | N30: =SUM(K30:M30) -> 1179116.4 | O30: probably moving to SBS | P30: =C30/$F$3 -> 0.022430635 | Q30: =D30/$F$4 -> 0.028709364 | R30: =E30/$F$5 -> 0.0420994
A31: 1541 | B31: SEA MAC - MAGIC | C31: 1111437 | D31: 97033 | E31: 79146 | F31: =SUM(C31:E31) -> 1287616 | G31: =+C31/$F$3*$E$3 -> 274.26575 | H31: =+D31/$F$4*$E$4 -> 7.0706482 | I31: =+E31/$F$5*$E$5 -> 13.956872 | J31: =SUM(G31:I31) -> 295.29327 | K31: =+G31*$I$1 -> 604651.75 | L31: =+H31*$I$1 -> 15588.093 | M31: =+I31*$I$1 -> 30769.598 | N31: =SUM(K31:M31) -> 651009.44 | P31: =C31/$F$3 -> 0.018523869 | Q31: =D31/$F$4 -> 0.0034961311 | R31: =E31/$F$5 -> 0.0040615809
A32: 3785 | B32: SEA MAC | C32: 510284 | D32: 238904 | E32: 161211 | F32: =SUM(C32:E32) -> 910399 | G32: =+C32/$F$3*$E$3 -> 125.92115 | H32: =+D32/$F$4*$E$4 -> 17.408574 | I32: =+E32/$F$5*$E$5 -> 28.428489 | J32: =SUM(G32:I32) -> 171.75821 | K32: =+G32*$I$1 -> 277608.28 | L32: =+H32*$I$1 -> 38379.29 | M32: =+I32*$I$1 -> 62674.016 | N32: =SUM(K32:M32) -> 378661.59 | P32: =C32/$F$3 -> 0.0085046962 | Q32: =D32/$F$4 -> 0.0086077902 | R32: =E32/$F$5 -> 0.0082729578
A33: 2653 | B33: SEA MAC 2653 | C33: 194806 | D33: 233 | E33: 7609 | F33: =SUM(C33:E33) -> 202648 | G33: =+C33/$F$3*$E$3 -> 48.071652 | H33: =+D33/$F$4*$E$4 -> 0.016978358 | I33: =+E33/$F$5*$E$5 -> 1.3417966 | J33: =SUM(G33:I33) -> 49.430427 | K33: =+G33*$I$1 -> 105979.73 | L33: =+H33*$I$1 -> 37.430828 | M33: =+I33*$I$1 -> 2958.1517 | N33: =SUM(K33:M33) -> 108975.31 | P33: =C33/$F$3 -> 0.0032467525 | Q33: =D33/$F$4 -> 8.3950671e-06 | R33: =E33/$F$5 -> 0.00039047544
A34: 2973 | B34: CARAVELLE | C34: 1261813 | D34: 871860 | E34: 618497 | F34: =SUM(C34:E34) -> 2752170 | G34: =+C34/$F$3*$E$3 -> 311.37355 | H34: =+D34/$F$4*$E$4 -> 63.531122 | I34: =+E34/$F$5*$E$5 -> 109.06784 | J34: =SUM(G34:I34) -> 483.97251 | K34: =+G34*$I$1 -> 686460.36 | L34: =+H34*$I$1 -> 140061.98 | M34: =+I34*$I$1 -> 240453.14 | N34: =SUM(K34:M34) -> 1066975.5 | P34: =C34/$F$3 -> 0.021030125 | Q34: =D34/$F$4 -> 0.031413404 | R34: =E34/$F$5 -> 0.031739767
A35: 2535 | B35: TOPAZ | C35: 1982098 | D35: 1343344 | E35: 1060363 | F35: =SUM(C35:E35) -> 4385805 | G35: =+C35/$F$3*$E$3 -> 489.11597 | H35: =+D35/$F$4*$E$4 -> 97.887449 | I35: =+E35/$F$5*$E$5 -> 186.98797 | J35: =SUM(G35:I35) -> 773.9914 | K35: =+G35*$I$1 -> 1078314.9 | L35: =+H35*$I$1 -> 215804.63 | M35: =+I35*$I$1 -> 412237.43 | N35: =SUM(K35:M35) -> 1706356.9 | P35: =C35/$F$3 -> 0.033034822 | Q35: =D35/$F$4 -> 0.048401129 | R35: =E35/$F$5 -> 0.054415259
A36: 1590 | B36: ALASKA BEAUTY | C36: 1029074 | D36: 336623 | E36: 310881 | F36: =SUM(C36:E36) -> 1676578 | G36: =+C36/$F$3*$E$3 -> 253.94129 | H36: =+D36/$F$4*$E$4 -> 24.52921 | I36: =+E36/$F$5*$E$5 -> 54.8218 | J36: =SUM(G36:I36) -> 333.2923 | K36: =+G36*$I$1 -> 559844.05 | L36: =+H36*$I$1 -> 54077.587 | M36: =+I36*$I$1 -> 120861.24 | N36: =SUM(K36:M36) -> 734782.88 | P36: =C36/$F$3 -> 0.017151158 | Q36: =D36/$F$4 -> 0.012128638 | R36: =E36/$F$5 -> 0.015953659
A37: 2148 | B37: CAPT'N ART | C37: 337304 | D37: 4733 | E37: 5204 | F37: =SUM(C37:E37) -> 347241 | G37: =+C37/$F$3*$E$3 -> 83.235427 | H37: =+D37/$F$4*$E$4 -> 0.34488656 | I37: =+E37/$F$5*$E$5 -> 0.91769085 | J37: =SUM(G37:I37) -> 84.498005 | K37: =+G37*$I$1 -> 183502.49 | L37: =+H37*$I$1 -> 760.34382 | M37: =+I37*$I$1 -> 2023.1596 | N37: =SUM(K37:M37) -> 186285.99 | P37: =C37/$F$3 -> 0.0056217088 | Q37: =D37/$F$4 -> 0.00017053156 | R37: =E37/$F$5 -> 0.00026705667
A38: 3764 | B38: ALASKAN | C38: 400932 | D38: 7432 | E38: 18653 | F38: =SUM(C38:E38) -> 427017 | G38: =+C38/$F$3*$E$3 -> 98.936705 | H38: =+D38/$F$4*$E$4 -> 0.54155862 | I38: =+E38/$F$5*$E$5 -> 3.2893327 | J38: =SUM(G38:I38) -> 102.7676 | K38: =+G38*$I$1 -> 218117.84 | L38: =+H38*$I$1 -> 1193.931 | M38: =+I38*$I$1 -> 7251.7287 | N38: =SUM(K38:M38) -> 226563.5 | P38: =C38/$F$3 -> 0.0066821708 | Q38: =D38/$F$4 -> 0.00026777742 | R38: =E38/$F$5 -> 0.00095722675
A39: 1183 | B39: LESLIE LEE | C39: 1753708 | D39: 240585 | E39: 103879 | F39: =SUM(C39:E39) -> 2098172 | G39: =+C39/$F$3*$E$3 -> 432.7569 | H39: =+D39/$F$4*$E$4 -> 17.531066 | I39: =+E39/$F$5*$E$5 -> 18.318372 | J39: =SUM(G39:I39) -> 468.60634 | K39: =+G39*$I$1 -> 954064.52 | L39: =+H39*$I$1 -> 38649.338 | M39: =+I39*$I$1 -> 40385.049 | N39: =SUM(K39:M39) -> 1033098.9 | P39: =C39/$F$3 -> 0.029228339 | Q39: =D39/$F$4 -> 0.0086683572 | R39: =E39/$F$5 -> 0.0053308185
A40: =COUNT(A30:A39) -> 10 | B40: TOTAL | C40: =SUM(C30:C39) -> 9927300 | D40: =SUM(D30:D39) -> 3937558 | E40: =SUM(E30:E39) -> 3185813 | F40: =SUM(F30:F39) -> 17050671 | G40: =SUM(G30:G39) -> 2449.728 | H40: =SUM(H30:H39) -> 286.92391 | I40: =SUM(I30:I39) -> 561.79697 | J40: =SUM(J30:J39) -> 3298.4489 | ... N40: =SUM(N30:N39) -> 7271826.4 | P40: =C40/$F$3 -> 0.16545428 | Q40: =D40/$F$4 -> 0.14187152 | R40: =E40/$F$5 -> 0.1634882
C41: =C40/F3 -> 0.16545428 | D41: =D40/F4 -> 0.14187152 | E41: =E40/F5 -> 0.1634882 | F41: =F40/F6 -> 0.15899372 | G41: =G40/E3 -> 0.16545428 | H41: =H40/E4 -> 0.14187152 | I41: =I40/E5 -> 0.1634882 | J41: =J40/E6 -> 0.16276734 | K41: =+K40/G3 -> 0.16545428 | L41: =+L40/G4 -> 0.14187152 | M41: =+M40/G5 -> 0.1634882 | N41: =N40/G6 -> 0.16276734
E43: check: | F43: =SUM(C40:E40) -> 17050671 | I43: check: | J43: =SUM(G40:I40) -> 3298.4489 | M43: check: | N43: =SUM(K40:M40) -> 7271826.4
A45: OBSI | K45: =SUM(K52:K53) -> 2163862.5
C46: QS UNITS | G46: 2026 TAC - METRIC TONS | K46: 2026 TAC - POUNDS | P46: % CV Pool Harvest Allocation for Exhibit B
A47: LLP | B47: Vessel | C47: POP | D47: NR | E47: DUSKY | F47: TOTAL | G47: POP | H47: NR | I47: DUSKY | J47: TOTAL | K47: POP | L47: NR | M47: DUSKY | N47: TOTAL | P47: POP | Q47: NR | R47: Dusky
A48: 1367 | B48: DOMINION | C48: 840674 | D48: 658925 | E48: 484934 | F48: =SUM(C48:E48) -> 1984533 | G48: =+C48/$F$3*$E$3 -> 207.45043 | H48: =+D48/$F$4*$E$4 -> 48.01487 | I48: =+E48/$F$5*$E$5 -> 85.514891 | J48: =SUM(G48:I48) -> 340.98019 | K48: =+G48*$I$1 -> 457349.37 | L48: =+H48*$I$1 -> 105854.54 | M48: =+I48*$I$1 -> 188527.84 | N48: =SUM(K48:M48) -> 751731.75 | P48: =C48/$F$3 -> 0.014011172 | Q48: =D48/$F$4 -> 0.023741286 | R48: =E48/$F$5 -> 0.024885637
A49: 5201 | B49: NEW LIFE | C49: 1298985 | D49: 785917 | E49: 641581 | F49: =SUM(C49:E49) -> 2726483 | G49: =+C49/$F$3*$E$3 -> 320.54637 | H49: =+D49/$F$4*$E$4 -> 57.268585 | I49: =+E49/$F$5*$E$5 -> 113.13855 | J49: =SUM(G49:I49) -> 490.9535 | K49: =+G49*$I$1 -> 706682.93 | L49: =+H49*$I$1 -> 126255.47 | M49: =+I49*$I$1 -> 249427.51 | N49: =SUM(K49:M49) -> 1082365.9 | P49: =C49/$F$3 -> 0.021649655 | Q49: =D49/$F$4 -> 0.02831685 | R49: =E49/$F$5 -> 0.032924382
A50: 4465 | B50: MARATHON | C50: 1897303 | D50: 1023701 | E50: 734231 | F50: =SUM(C50:E50) -> 3655235 | G50: =+C50/$F$3*$E$3 -> 468.19138 | H50: =+D50/$F$4*$E$4 -> 74.595546 | I50: =+E50/$F$5*$E$5 -> 129.47676 | J50: =SUM(G50:I50) -> 672.26369 | K50: =+G50*$I$1 -> 1032184.1 | L50: =+H50*$I$1 -> 164454.83 | M50: =+I50*$I$1 -> 285447.06 | N50: =SUM(K50:M50) -> 1482086 | P50: =C50/$F$3 -> 0.031621579 | Q50: =D50/$F$4 -> 0.036884286 | R50: =E50/$F$5 -> 0.037678955
A51: 3504 | B51: BAY ISLANDER | C51: 0 | D51: 166733 | E51: 44060 | F51: =SUM(C51:E51) -> 210793 | G51: =+C51/$F$3*$E$3 -> 0 | H51: =+D51/$F$4*$E$4 -> 12.149582 | I51: =+E51/$F$5*$E$5 -> 7.7696885 | J51: =SUM(G51:I51) -> 19.91927 | K51: =+G51*$I$1 -> 0 | L51: =+H51*$I$1 -> 26785.211 | M51: =+I51*$I$1 -> 17129.211 | N51: =SUM(K51:M51) -> 43914.422 | P51: =C51/$F$3 -> 0 | Q51: =D51/$F$4 -> 0.0060074452 | R51: =E51/$F$5 -> 0.0022610524
A52: 4852 | B52: PACIFIC STAR | C52: 2743626 | D52: 1713235 | E52: 1043160 | F52: =SUM(C52:E52) -> 5500021 | G52: =+C52/$F$3*$E$3 -> 677.0358 | H52: =+D52/$F$4*$E$4 -> 124.84085 | I52: =+E52/$F$5*$E$5 -> 183.95434 | J52: =SUM(G52:I52) -> 985.83098 | K52: =+G52*$I$1 -> 1492606.7 | L52: =+H52*$I$1 -> 275226.63 | M52: =+I52*$I$1 -> 405549.42 | N52: =SUM(K52:M52) -> 2173382.7 | P52: =C52/$F$3 -> 0.0457269 | Q52: =D52/$F$4 -> 0.061728424 | R52: =E52/$F$5 -> 0.053532443
A53: 2603 | B53: TAASINGE | C53: 1233865 | D53: 676105 | E53: 631919 | F53: =SUM(C53:E53) -> 2541889 | G53: =+C53/$F$3*$E$3 -> 304.47691 | H53: =+D53/$F$4*$E$4 -> 49.266751 | I53: =+E53/$F$5*$E$5 -> 111.43472 | J53: =SUM(G53:I53) -> 465.17838 | K53: =+G53*$I$1 -> 671255.89 | L53: =+H53*$I$1 -> 108614.46 | M53: =+I53*$I$1 -> 245671.21 | N53: =SUM(K53:M53) -> 1025541.6 | P53: =C53/$F$3 -> 0.020564327 | Q53: =D53/$F$4 -> 0.024360287 | R53: =E53/$F$5 -> 0.032428551
A54: 1619 | B54: STELLA | C54: 1530853 | D54: 716713 | E54: 483634 | F54: =SUM(C54:E54) -> 2731200 | G54: =+C54/$F$3*$E$3 -> 377.76369 | H54: =+D54/$F$4*$E$4 -> 52.225794 | I54: =+E54/$F$5*$E$5 -> 85.285645 | J54: =SUM(G54:I54) -> 515.27513 | K54: =+G54*$I$1 -> 832825.38 | L54: =+H54*$I$1 -> 115138.03 | M54: =+I54*$I$1 -> 188022.44 | N54: =SUM(K54:M54) -> 1135985.9 | P54: =C54/$F$3 -> 0.025514105 | Q54: =D54/$F$4 -> 0.025823407 | R54: =E54/$F$5 -> 0.024818925
A55: 2188 | B55: GREEN HOPE | C55: 465526 | D55: 243122 | E55: 361047 | F55: =SUM(C55:E55) -> 1069695 | G55: =+C55/$F$3*$E$3 -> 114.87636 | H55: =+D55/$F$4*$E$4 -> 17.715933 | I55: =+E55/$F$5*$E$5 -> 63.668241 | J55: =SUM(G55:I55) -> 196.26053 | K55: =+G55*$I$1 -> 253258.72 | L55: =+H55*$I$1 -> 39056.9 | M55: =+I55*$I$1 -> 140364.28 | N55: =SUM(K55:M55) -> 432679.9 | P55: =C55/$F$3 -> 0.0077587328 | Q55: =D55/$F$4 -> 0.0087597661 | R55: =E55/$F$5 -> 0.018528057
A56: 2683 | B56: OCEAN HOPE 3 | C56: 2451788 | D56: 434314 | E56: 309032 | F56: =SUM(C56:E56) -> 3195134 | G56: =+C56/$F$3*$E$3 -> 605.01987 | H56: =+D56/$F$4*$E$4 -> 31.647806 | I56: =+E56/$F$5*$E$5 -> 54.495741 | J56: =SUM(G56:I56) -> 691.16342 | K56: =+G56*$I$1 -> 1333838.9 | L56: =+H56*$I$1 -> 69771.385 | M56: =+I56*$I$1 -> 120142.4 | N56: =SUM(K56:M56) -> 1523752.7 | P56: =C56/$F$3 -> 0.040862955 | Q56: =D56/$F$4 -> 0.015648477 | R56: =E56/$F$5 -> 0.015858773
A57: =COUNT(A48:A56) -> 9 | B57: TOTAL | C57: =SUM(C48:C56) -> 12462620 | D57: =SUM(D48:D56) -> 6418765 | E57: =SUM(E48:E56) -> 4733598 | F57: =SUM(F48:F56) -> 23614983 | G57: =SUM(G48:G56) -> 3075.3608 | H57: =SUM(H48:H56) -> 467.72572 | I57: =SUM(I48:I56) -> 834.73858 | J57: =SUM(J48:J56) -> 4377.8251 | ... N57: =SUM(N48:N56) -> 9651440.8 | P57: =C57/$F$3 -> 0.20770943 | Q57: =D57/$F$4 -> 0.23127023 | R57: =E57/$F$5 -> 0.24291678
C58: =C57/F3 -> 0.20770943 | D58: =D57/F4 -> 0.23127023 | E58: =E57/F5 -> 0.24291678 | F58: =F57/F6 -> 0.22020448 | G58: =G57/E3 -> 0.20770943 | H58: =H57/E4 -> 0.23127023 | I58: =I57/E5 -> 0.24291678 | J58: =J57/E6 -> 0.21603092 | K58: =+K57/G3 -> 0.20770943 | L58: =+L57/G4 -> 0.23127023 | M58: =+M57/G5 -> 0.24291678 | N58: =N57/G6 -> 0.21603092
E60: check: | F60: =SUM(C57:E57) -> 23614983 | I60: check: | J60: =SUM(G57:I57) -> 4377.8251 | M60: check: | N60: =SUM(K57:M57) -> 9651440.8
A62: STAR OF KODIAK | P62: =SUM(P48:P53) -> 0.13357363
C63: QS UNITS | G63: 2026 TAC - METRIC TONS | K63: 2026 TAC - POUNDS | P63: % CV Pool Harvest Allocation for Exhibit B
A64: LLP | B64: Vessel | C64: POP | D64: NR | E64: DUSKY | F64: TOTAL | G64: POP | H64: NR | I64: DUSKY | J64: TOTAL | K64: POP | L64: NR | M64: DUSKY | N64: TOTAL | P64: POP | Q64: NR | R64: Dusky
A65: 3658 | B65: OCEAN STORM | C65: 310957 | D65: 2740 | E65: 73114 | F65: =SUM(C65:E65) -> 386811 | G65: =+C65/$F$3*$E$3 -> 76.733862 | H65: =+D65/$F$4*$E$4 -> 0.19965966 | I65: =+E65/$F$5*$E$5 -> 12.893168 | J65: =SUM(G65:I65) -> 89.826691 | K65: =+G65*$I$1 -> 169169.01 | L65: =+H65*$I$1 -> 440.17369 | M65: =+I65*$I$1 -> 28424.537 | N65: =SUM(K65:M65) -> 198033.72 | P65: =C65/$F$3 -> 0.005182594 | Q65: =D65/$F$4 -> 9.8723107e-05 | R65: =E65/$F$5 -> 0.0037520333
A66: 2364 | B66: ROSELLA | C66: 680933 | D66: 288003 | E66: 597094 | F66: =SUM(C66:E66) -> 1566030 | G66: =+C66/$F$3*$E$3 -> 168.03165 | H66: =+D66/$F$4*$E$4 -> 20.986344 | I66: =+E66/$F$5*$E$5 -> 105.29356 | J66: =SUM(G66:I66) -> 294.31156 | K66: =+G66*$I$1 -> 370445.95 | L66: =+H66*$I$1 -> 46266.913 | M66: =+I66*$I$1 -> 232132.29 | N66: =SUM(K66:M66) -> 648845.15 | P66: =C66/$F$3 -> 0.011348834 | Q66: =D66/$F$4 -> 0.010376843 | R66: =E66/$F$5 -> 0.030641417
A67: 3521 | B67: EXCALIBUR II | C67: 1816063 | D67: 715313 | E67: 372236 | F67: =SUM(C67:E67) -> 2903612 | G67: =+C67/$F$3*$E$3 -> 448.14405 | H67: =+D67/$F$4*$E$4 -> 52.123778 | I67: =+E67/$F$5*$E$5 -> 65.641347 | J67: =SUM(G67:I67) -> 565.90917 | K67: =+G67*$I$1 -> 987987.33 | L67: =+H67*$I$1 -> 114913.12 | M67: =+I67*$I$1 -> 144714.23 | N67: =SUM(K67:M67) -> 1247614.7 | P67: =C67/$F$3 -> 0.030267584 | Q67: =D67/$F$4 -> 0.025772964 | R67: =E67/$F$5 -> 0.019102249
A68: 2567 | B68: ARCTIC RAM | C68: 737398 | D68: 476003 | E68: 399620 | F68: =SUM(C68:E68) -> 1613021 | G68: =+C68/$F$3*$E$3 -> 181.96534 | H68: =+D68/$F$4*$E$4 -> 34.68562 | I68: =+E68/$F$5*$E$5 -> 70.470334 | J68: =SUM(G68:I68) -> 287.1213 | K68: =+G68*$I$1 -> 401164.43 | L68: =+H68*$I$1 -> 76468.612 | M68: =+I68*$I$1 -> 155360.31 | N68: =SUM(K68:M68) -> 632993.35 | P68: =C68/$F$3 -> 0.012289913 | Q68: =D68/$F$4 -> 0.017150546 | R68: =E68/$F$5 -> 0.02050753
A69: 2278 | B69: MARCY J | C69: 1427968 | D69: 1015508 | E69: 1167975 | F69: =SUM(C69:E69) -> 3611451 | G69: =+C69/$F$3*$E$3 -> 352.37509 | H69: =+D69/$F$4*$E$4 -> 73.998535 | I69: =+E69/$F$5*$E$5 -> 205.96464 | J69: =SUM(G69:I69) -> 632.33826 | K69: =+G69*$I$1 -> 776853.17 | L69: =+H69*$I$1 -> 163138.65 | M69: =+I69*$I$1 -> 454073.76 | N69: =SUM(K69:M69) -> 1394065.6 | P69: =C69/$F$3 -> 0.023799363 | Q69: =D69/$F$4 -> 0.036589089 | R69: =E69/$F$5 -> 0.059937646
A70: 2636 | B70: CAPE KIWANDA | C70: 1224441 | D70: 786060 | E70: 501659 | F70: =SUM(C70:E70) -> 2512160 | G70: =+C70/$F$3*$E$3 -> 302.15138 | H70: =+D70/$F$4*$E$4 -> 57.279006 | I70: =+E70/$F$5*$E$5 -> 88.464234 | J70: =SUM(G70:I70) -> 447.89462 | K70: =+G70*$I$1 -> 666128.98 | L70: =+H70*$I$1 -> 126278.44 | M70: =+I70*$I$1 -> 195030.02 | N70: =SUM(K70:M70) -> 987437.44 | P70: =C70/$F$3 -> 0.020407261 | Q70: =D70/$F$4 -> 0.028322002 | R70: =E70/$F$5 -> 0.025743924
A71: 3144 | B71: PACIFIC RAM | C71: 216888 | D71: 23497 | E71: 64999 | F71: =SUM(C71:E71) -> 305384 | G71: =+C71/$F$3*$E$3 -> 53.520757 | H71: =+D71/$F$4*$E$4 -> 1.7121909 | I71: =+E71/$F$5*$E$5 -> 11.462142 | J71: =SUM(G71:I71) -> 66.69509 | K71: =+G71*$I$1 -> 117992.93 | L71: =+H71*$I$1 -> 3774.7303 | M71: =+I71*$I$1 -> 25269.668 | N71: =SUM(K71:M71) -> 147037.33 | P71: =C71/$F$3 -> 0.0036147842 | Q71: =D71/$F$4 -> 0.00084660469 | R71: =E71/$F$5 -> 0.0033355911
A72: 3463 | B72: TRAVELER | C72: 1527812 | D72: 73997 | E72: 12709 | F72: =SUM(C72:E72) -> 1614518 | G72: =+C72/$F$3*$E$3 -> 377.01327 | H72: =+D72/$F$4*$E$4 -> 5.3920497 | I72: =+E72/$F$5*$E$5 -> 2.2411478 | J72: =SUM(G72:I72) -> 384.64647 | K72: =+G72*$I$1 -> 831171 | L72: =+H72*$I$1 -> 11887.421 | M72: =+I72*$I$1 -> 4940.8792 | N72: =SUM(K72:M72) -> 847999.3 | P72: =C72/$F$3 -> 0.025463422 | Q72: =D72/$F$4 -> 0.0026661364 | R72: =E72/$F$5 -> 0.00065219508
A73: 3594 | B73: ARCTIC WIND | C73: 3620616 | D73: 1907465 | E73: 1011048 | F73: =SUM(C73:E73) -> 6539129 | G73: =+C73/$F$3*$E$3 -> 893.44781 | H73: =+D73/$F$4*$E$4 -> 138.99409 | I73: =+E73/$F$5*$E$5 -> 178.2916 | J73: =SUM(G73:I73) -> 1210.7335 | K73: =+G73*$I$1 -> 1969712.9 | L73: =+H73*$I$1 -> 306429.16 | M73: =+I73*$I$1 -> 393065.23 | N73: =SUM(K73:M73) -> 2669207.3 | P73: =C73/$F$3 -> 0.060343336 | Q73: =D73/$F$4 -> 0.068726595 | R73: =E73/$F$5 -> 0.051884533
A74: 2550 | B74: MICHELLE RENEE | C74: 2637886 | D74: 3577753 | E74: 1818818 | F74: =SUM(C74:E74) -> 8034457 | G74: =+C74/$F$3*$E$3 -> 650.94268 | H74: =+D74/$F$4*$E$4 -> 260.70546 | I74: =+E74/$F$5*$E$5 -> 320.73648 | J74: =SUM(G74:I74) -> 1232.3846 | K74: =+G74*$I$1 -> 1435081.2 | L74: =+H74*$I$1 -> 574756.47 | M74: =+I74*$I$1 -> 707102.05 | N74: =SUM(K74:M74) -> 2716939.8 | P74: =C74/$F$3 -> 0.043964575 | Q74: =D74/$F$4 -> 0.12890762 | R74: =E74/$F$5 -> 0.093337331
A75: 2882 | B75: PACIFIC STORM | C75: 100 | D75: 100 | E75: 100 | F75: =SUM(C75:E75) -> 300 | G75: =+C75/$F$3*$E$3 -> 0.02467668 | H75: =+D75/$F$4*$E$4 -> 0.007286849 | I75: =+E75/$F$5*$E$5 -> 0.017634336 | J75: =SUM(G75:I75) -> 0.049597865 | K75: =+G75*$I$1 -> 54.402701 | L75: =+H75*$I$1 -> 16.064733 | M75: =+I75*$I$1 -> 38.87701 | N75: =SUM(K75:M75) -> 109.34444 | P75: =C75/$F$3 -> 1.6666594e-06 | Q75: =D75/$F$4 -> 3.6030331e-06 | R75: =E75/$F$5 -> 5.1317576e-06
A76: 1271 | B76: WALTER N | C76: 2217284 | D76: 277857 | E76: 329514 | F76: =SUM(C76:E76) -> 2824655 | G76: =+C76/$F$3*$E$3 -> 547.15207 | H76: =+D76/$F$4*$E$4 -> 20.24702 | I76: =+E76/$F$5*$E$5 -> 58.107606 | J76: =SUM(G76:I76) -> 625.50669 | K76: =+G76*$I$1 -> 1206262.4 | L76: =+H76*$I$1 -> 44636.986 | M76: =+I76*$I$1 -> 128105.19 | N76: =SUM(K76:M76) -> 1379004.6 | P76: =C76/$F$3 -> 0.036954572 | Q76: =D76/$F$4 -> 0.01001128 | R76: =E76/$F$5 -> 0.01690986
... A79: 1523 | B79: COLLIER BROTHERS | C79: 1112779 | D79: 742825 | E79: 300249 | F79: =SUM(C79:E79) -> 2155853 | G79: =+C79/$F$3*$E$3 -> 274.59691 | H79: =+D79/$F$4*$E$4 -> 54.128536 | I79: =+E79/$F$5*$E$5 -> 52.946918 | J79: =SUM(G79:I79) -> 381.67236 | K79: =+G79*$I$1 -> 605381.84 | L79: =+H79*$I$1 -> 119332.85 | M79: =+I79*$I$1 -> 116727.83 | N79: =SUM(K79:M79) -> 841442.52 | P79: =C79/$F$3 -> 0.018546236 | Q79: =D79/$F$4 -> 0.026764231 | R79: =E79/$F$5 -> 0.015408051
A80: =COUNT(A65:A79) -> 15 | B80: TOTAL | C80: =SUM(C65:C79) -> 21552195 | D80: =SUM(D65:D79) -> 10828579 | E80: =SUM(E65:E79) -> 7262772 | F80: =SUM(F65:F79) -> 39643546 | G80: =SUM(G65:G79) -> 5318.3661 | H80: =SUM(H65:H79) -> 789.0622 | I80: =SUM(I65:I79) -> 1280.7416 | J80: =SUM(J65:J79) -> 7388.1699 | ... N80: =SUM(N65:N79) -> 16288107 | P80: =C80/$F$3 -> 0.35920168 | Q80: =D80/$F$4 -> 0.39015728 | R80: =E80/$F$5 -> 0.37270786
C81: =C80/F3 -> 0.35920168 | D81: =D80/F4 -> 0.39015728 | E81: =E80/F5 -> 0.37270786 | F81: =F80/F6 -> 0.36966727 | G81: =G80/E3 -> 0.35920168 | H81: =H80/E4 -> 0.39015728 | I81: =I80/E5 -> 0.37270786 | J81: =J80/E6 -> 0.36458129 | K81: =+K80/G3 -> 0.35920168 | L81: =+L80/G4 -> 0.39015728 | M81: =+M80/G5 -> 0.37270786 | N81: =N80/G6 -> 0.36458129
E83: check: | F83: =SUM(C80:E80) -> 39643546 | I83: check: | J83: =SUM(G80:I80) -> 7388.1699 | M83: check: | N83: =SUM(K80:M80) -> 16288107
A86: =SUM(A22,A40,A57,A80) -> 45 | B86: TOTAL LLPs | C86: =SUM(C22,C40,C57,C80) -> 60000262 | D86: =SUM(D22,D40,D57,D80) -> 27754394 | E86: =SUM(E22,E40,E57,E80) -> 19486501 | F86: =SUM(F22,F40,F57,F80) -> 107241157 | G86: =SUM(G22,G40,G57,G80) -> 14806.072 | H86: =SUM(H22,H40,H57,H80) -> 2022.4208 | I86: =SUM(I22,I40,I57,I80) -> 3436.3151 | J86: =SUM(J22,J40,J57,J80) -> 20264.808 | ... N86: =SUM(N22,N40,N57,N80) -> 44676202
C87: =C23+C41+C58+C81 -> 1 | D87: =D23+D41+D58+D81 -> 1 | E87: =E23+E41+E58+E81 -> 1 | F87: =F23+F41+F58+F81 -> 1 | G87: =G23+G41+G58+G81 -> 1 | H87: =H23+H41+H58+H81 -> 1 | I87: =I23+I41+I58+I81 -> 1 | J87: =J23+J41+J58+J81 -> 1 | ... N87: =N23+N41+N58+N81 -> 1
E89: check: | F89: =SUM(C86:E86) -> 107241157

Sheet CV Secondary & PSC Alloc
A1: Secondary Species + Halibut PSC Allocations | K1: updated for 2026
A3: =IFERROR(__xludf.DUMMYFUNCTION("IMPORTRANGE(""https://docs.google.com/spreadsheets/d/1fpr4iXJjYPIWfqLVGaDLSDFHokxxaVbtvYkSxFtDSHM/edit#gid=783412060"", ""'CV Coop Sector Alloc'!A50:G63"")"),"Secondary Species + Halibut PSC - Metric Tons") -> Secondary Species + Halibut PSC - Metric Tons | L3: 2026 | M3: CV QS POOL
A4: =IFERROR(__xludf.DUMMYFUNCTION("""COMPUTED_VALUE"""),"Species") -> Species | B4: =IFERROR(__xludf.DUMMYFUNCTION("""COMPUTED_VALUE"""),"CV sector") -> CV sector | C4: =IFERROR(__xludf.DUMMYFUNCTION("""COMPUTED_VALUE"""),"SBS") -> SBS | D4: =IFERROR(__xludf.DUMMYFUNCTION("""COMPUTED_VALUE"""),"NP") -> NP | E4: =IFERROR(__xludf.DUMMYFUNCTION("""COMPUTED_VALUE"""),"OBSI") -> OBSI | F4: =IFERROR(__xludf.DUMMYFUNCTION("""COMPUTED_VALUE"""),"SOK") -> SOK | G4: =IFERROR(__xludf.DUMMYFUNCTION("""COMPUTED_VALUE"""),"Total") -> Total | L4: Issued QS Aggregate Total | M4: ='Alloc by Sector'!$D$22 -> 107241157
A5: =IFERROR(__xludf.DUMMYFUNCTION("""COMPUTED_VALUE"""),"Sablefish") -> Sablefish | B5: =IFERROR(__xludf.DUMMYFUNCTION("""COMPUTED_VALUE"""),374.7306) -> 374.7306 | C5: =IFERROR(__xludf.DUMMYFUNCTION("""COMPUTED_VALUE"""),93.22819009467231) -> 93.22819 | D5: =IFERROR(__xludf.DUMMYFUNCTION("""COMPUTED_VALUE"""),60.45941493570607) -> 60.459415 | E5: =IFERROR(__xludf.DUMMYFUNCTION("""COMPUTED_VALUE"""),82.51735617305769) -> 82.517356 | F5: =IFERROR(__xludf.DUMMYFUNCTION("""COMPUTED_VALUE"""),138.52563879656387) -> 138.52564 | G5: =IFERROR(__xludf.DUMMYFUNCTION("""COMPUTED_VALUE"""),374.7306) -> 374.7306
A6: =IFERROR(__xludf.DUMMYFUNCTION("""COMPUTED_VALUE"""),"Pacific Cod") -> Pacific Cod | B6: =IFERROR(__xludf.DUMMYFUNCTION("""COMPUTED_VALUE"""),550.440225) -> 550.44023 | C6: =IFERROR(__xludf.DUMMYFUNCTION("""COMPUTED_VALUE"""),136.94250197889954) -> 136.9425 | D6: =IFERROR(__xludf.DUMMYFUNCTION("""COMPUTED_VALUE"""),88.80858398160817) -> 88.808584 | E6: =IFERROR(__xludf.DUMMYFUNCTION("""COMPUTED_VALUE"""),121.20940243018057) -> 121.2094 | F6: =IFERROR(__xludf.DUMMYFUNCTION("""COMPUTED_VALUE"""),203.47973660931177) -> 203.47974 | G6: =IFERROR(__xludf.DUMMYFUNCTION("""COMPUTED_VALUE"""),550.440225) -> 550.44023
A7: =IFERROR(__xludf.DUMMYFUNCTION("""COMPUTED_VALUE"""),"Thornyhead") -> Thornyhead | B7: =IFERROR(__xludf.DUMMYFUNCTION("""COMPUTED_VALUE"""),46.256) -> 46.256 | C7: =IFERROR(__xludf.DUMMYFUNCTION("""COMPUTED_VALUE"""),11.507902373115948) -> 11.507902 | D7: =IFERROR(__xludf.DUMMYFUNCTION("""COMPUTED_VALUE"""),7.46298993801419) -> 7.4629899 | E7: =IFERROR(__xludf.DUMMYFUNCTION("""COMPUTED_VALUE"""),10.185778335532133) -> 10.185778 | F7: =IFERROR(__xludf.DUMMYFUNCTION("""COMPUTED_VALUE"""),17.09932935333773) -> 17.099329 | G7: =IFERROR(__xludf.DUMMYFUNCTION("""COMPUTED_VALUE"""),46.256) -> 46.256
A8: =IFERROR(__xludf.DUMMYFUNCTION("""COMPUTED_VALUE"""),"Halibut") -> Halibut | B8: =IFERROR(__xludf.DUMMYFUNCTION("""COMPUTED_VALUE"""),117.33749999999999) -> 117.3375 | C8: =IFERROR(__xludf.DUMMYFUNCTION("""COMPUTED_VALUE"""),29.192072265338386) -> 29.192072 | D8: =IFERROR(__xludf.DUMMYFUNCTION("""COMPUTED_VALUE"""),18.931351216096072) -> 18.931351 | E8: =IFERROR(__xludf.DUMMYFUNCTION("""COMPUTED_VALUE"""),25.83824294027805) -> 25.838243 | F8: =IFERROR(__xludf.DUMMYFUNCTION("""COMPUTED_VALUE"""),43.37583357828748) -> 43.375834 | G8: =IFERROR(__xludf.DUMMYFUNCTION("""COMPUTED_VALUE"""),117.33749999999998) -> 117.3375
A11: =IFERROR(__xludf.DUMMYFUNCTION("""COMPUTED_VALUE"""),"Secondary Species + Halibut PSC - Pounds") -> Secondary Species + Halibut PSC - Pounds
A12: =IFERROR(__xludf.DUMMYFUNCTION("""COMPUTED_VALUE"""),"Species") -> Species | B12: =IFERROR(__xludf.DUMMYFUNCTION("""COMPUTED_VALUE"""),"CV sector") -> CV sector | C12: =IFERROR(__xludf.DUMMYFUNCTION("""COMPUTED_VALUE"""),"SBS") -> SBS | D12: =IFERROR(__xludf.DUMMYFUNCTION("""COMPUTED_VALUE"""),"NP") -> NP | E12: =IFERROR(__xludf.DUMMYFUNCTION("""COMPUTED_VALUE"""),"OBSI") -> OBSI | F12: =IFERROR(__xludf.DUMMYFUNCTION("""COMPUTED_VALUE"""),"SOK") -> SOK | G12: =IFERROR(__xludf.DUMMYFUNCTION("""COMPUTED_VALUE"""),"Total") -> Total
A13: =IFERROR(__xludf.DUMMYFUNCTION("""COMPUTED_VALUE"""),"Sablefish") -> Sablefish | B13: =IFERROR(__xludf.DUMMYFUNCTION("""COMPUTED_VALUE"""),826138.5753719999) -> 826138.58 | C13: =IFERROR(__xludf.DUMMYFUNCTION("""COMPUTED_VALUE"""),205532.73244651646) -> 205532.73 | D13: =IFERROR(__xludf.DUMMYFUNCTION("""COMPUTED_VALUE"""),133290.03535555632) -> 133290.04 | E13: =IFERROR(__xludf.DUMMYFUNCTION("""COMPUTED_VALUE"""),181919.41376624643) -> 181919.41 | F13: =IFERROR(__xludf.DUMMYFUNCTION("""COMPUTED_VALUE"""),305396.3938036806) -> 305396.39 | G13: =IFERROR(__xludf.DUMMYFUNCTION("""COMPUTED_VALUE"""),826138.5753719998) -> 826138.58
A14: =IFERROR(__xludf.DUMMYFUNCTION("""COMPUTED_VALUE"""),"Pacific Cod") -> Pacific Cod | B14: =IFERROR(__xludf.DUMMYFUNCTION("""COMPUTED_VALUE"""),1213511.5288395002) -> 1213511.5 | C14: =IFERROR(__xludf.DUMMYFUNCTION("""COMPUTED_VALUE"""),301906.1787127215) -> 301906.18 | D14: =IFERROR(__xludf.DUMMYFUNCTION("""COMPUTED_VALUE"""),195789.18041753297) -> 195789.18 | E14: =IFERROR(__xludf.DUMMYFUNCTION("""COMPUTED_VALUE"""),267220.6727856247) -> 267220.67 | F14: =IFERROR(__xludf.DUMMYFUNCTION("""COMPUTED_VALUE"""),448595.49692362087) -> 448595.5 | G14: =IFERROR(__xludf.DUMMYFUNCTION("""COMPUTED_VALUE"""),1213511.5288395) -> 1213511.5
A15: =IFERROR(__xludf.DUMMYFUNCTION("""COMPUTED_VALUE"""),"Thornyhead") -> Thornyhead | B15: =IFERROR(__xludf.DUMMYFUNCTION("""COMPUTED_VALUE"""),101976.90272) -> 101976.9 | C15: =IFERROR(__xludf.DUMMYFUNCTION("""COMPUTED_VALUE"""),25370.551729818882) -> 25370.552 | D15: =IFERROR(__xludf.DUMMYFUNCTION("""COMPUTED_VALUE"""),16453.05687714484) -> 16453.057 | E15: =IFERROR(__xludf.DUMMYFUNCTION("""COMPUTED_VALUE"""),22455.77063408085) -> 22455.771 | F15: =IFERROR(__xludf.DUMMYFUNCTION("""COMPUTED_VALUE"""),37697.52347895542) -> 37697.523 | G15: =IFERROR(__xludf.DUMMYFUNCTION("""COMPUTED_VALUE"""),101976.90272) -> 101976.9
A16: =IFERROR(__xludf.DUMMYFUNCTION("""COMPUTED_VALUE"""),"Halibut") -> Halibut | B16: =IFERROR(__xludf.DUMMYFUNCTION("""COMPUTED_VALUE"""),258684.59924999997) -> 258684.6 | C16: =IFERROR(__xludf.DUMMYFUNCTION("""COMPUTED_VALUE"""),64357.42635761031) -> 64357.426 | D16: =IFERROR(__xludf.DUMMYFUNCTION("""COMPUTED_VALUE"""),41736.43551802972) -> 41736.436 | E16: =IFERROR(__xludf.DUMMYFUNCTION("""COMPUTED_VALUE"""),56963.50715099579) -> 56963.507 | F16: =IFERROR(__xludf.DUMMYFUNCTION("""COMPUTED_VALUE"""),95627.23022336414) -> 95627.23 | G16: =IFERROR(__xludf.DUMMYFUNCTION("""COMPUTED_VALUE"""),258684.59924999997) -> 258684.6 | M16: TOT % CV Pool column is used for the secondary species percentage for each vessel in the Exhibit B Harvest Schedule (% CV Pool Harvest Allocations)
A17: Tables above are linked from CV Coop Sector Alloc tab to calculate the allocations for each Coop LLP
A19: CV Cooperative Allocations by LLP
A20: SILVER BAY
A21: LLP | B21: Vessel | C21: QS UNITS | G21: TOT % CV POOL | H21: Secondary Species + Halibut in pounds
C22: POP | D22: NR | E22: DUSKY | F22: TOTAL | H22: Sablefish | I22: Pcod | J22: Thornyhd | K22: Halibut
A23: 2696 | B23: MAR PACIFICO | C23: 1973449 | D23: 1253570 | E23: 780343 | F23: =SUM(C23:E23) -> 4007362 | G23: =+F23/$M$4 -> 0.037367762 | H23: =+$B$13*G23 -> 30870.949 | I23: =+G23*$B$14 -> 45346.21 | J23: =+G23*$B$15 -> 3810.6486 | K23: =+G23*$B$16 -> 9666.4645
A24: 1554 | B24: CHELLISSA | C24: 510284 | D24: 238904 | E24: 161211 | F24: =SUM(C24:E24) -> 910399 | G24: =+F24/$M$4 -> 0.0084892687 | H24: =+$B$13*G24 -> 7013.3124 | I24: =+G24*$B$14 -> 10301.825 | J24: =+G24*$B$15 -> 865.70933 | K24: =+G24*$B$16 -> 2196.0431
A25: 2165 | B25: DAWN | C25: 1257125 | D25: 307669 | E25: 339446 | F25: =SUM(C25:E25) -> 1904240 | G25: =+F25/$M$4 -> 0.017756616 | H25: =+$B$13*G25 -> 14669.425 | I25: =+G25*$B$14 -> 21547.858 | J25: =+G25*$B$15 -> 1810.7647 | K25: =+G25*$B$16 -> 4593.363
A26: 1841 | B26: MAR DEL NORTE | C26: 1479627 | D26: 765284 | E26: 437036 | F26: =SUM(C26:E26) -> 2681947 | G26: =+F26/$M$4 -> 0.025008561 | H26: =+$B$13*G26 -> 20660.537 | I26: =+G26*$B$14 -> 30348.177 | J26: =+G26*$B$15 -> 2550.2956 | K26: =+G26*$B$16 -> 6469.3295
A27: 4851 | B27: PK FISH HOLDINGS | C27: 1100949 | D27: 608301 | E27: 260197 | F27: =SUM(C27:E27) -> 1969447 | G27: =+F27/$M$4 -> 0.018364656 | H27: =+$B$13*G27 -> 15171.751 | I27: =+G27*$B$14 -> 22285.722 | J27: =+G27*$B$15 -> 1872.7708 | K27: =+G27*$B$16 -> 4750.6538
A28: 3665 | B28: EVIE GRACE | C28: 2506083 | D28: 1296343 | E28: 775881 | F28: =SUM(C28:E28) -> 4578307 | G28: =+F28/$M$4 -> 0.042691697 | H28: =+$B$13*G28 -> 35269.258 | I28: =+G28*$B$14 -> 51806.867 | J28: =+G28*$B$15 -> 4353.567 | K28: =+G28*$B$16 -> 11043.685
A29: 3496 | B29: MiRoCo | C29: 972179 | D29: 956843 | E29: 663736 | F29: =SUM(C29:E29) -> 2592758 | G29: =+F29/$M$4 -> 0.024176893 | H29: =+$B$13*G29 -> 19973.464 | I29: =+G29*$B$14 -> 29338.939 | J29: =+G29*$B$15 -> 2465.4847 | K29: =+G29*$B$16 -> 6254.1899
A30: 2319 | B30: LAURA | C30: 970988 | D30: 73471 | E30: 92582 | F30: =SUM(C30:E30) -> 1137041 | G30: =+F30/$M$4 -> 0.010602655 | H30: =+$B$13*G30 -> 8759.2624 | I30: =+G30*$B$14 -> 12866.444 | J30: =+G30*$B$15 -> 1081.2259 | K30: =+G30*$B$16 -> 2742.7436
A31: 3600 | B31: HICKORY WIND | C31: 827739 | D31: 271795 | E31: 135897 | F31: =SUM(C31:E31) -> 1235431 | G31: =+F31/$M$4 -> 0.01152012 | H31: =+$B$13*G31 -> 9517.2155 | I31: =+G31*$B$14 -> 13979.798 | J31: =+G31*$B$15 -> 1174.7862 | K31: =+G31*$B$16 -> 2980.0776
A32: 3896 | B32: AMERICAN EAGLE | C32: 1952646 | D32: 625968 | E32: 395511 | F32: =SUM(C32:E32) -> 2974125 | G32: =+F32/$M$4 -> 0.027733056 | H32: =+$B$13*G32 -> 22911.347 | I32: =+G32*$B$14 -> 33654.383 | J32: =+G32*$B$15 -> 2828.1311 | K32: =+G32*$B$16 -> 7174.1144
A33: 2565 | B33: VANGUARD | C33: 2340030 | D33: 110213 | E33: 238931 | F33: =SUM(C33:E33) -> 2689174 | G33: =+F33/$M$4 -> 0.025075951 | H33: =+$B$13*G33 -> 20716.21 | I33: =+G33*$B$14 -> 30429.956 | J33: =+G33*$B$15 -> 2557.1678 | K33: =+G33*$B$16 -> 6486.7623
A34: 1755 | B34: ENTERPRISE | C34: 167048 | D34: 61131 | E34: 23547 | F34: =SUM(C34:E34) -> 251726 | G34: =+F34/$M$4 -> 0.0023472891 | H34: =+$B$13*G34 -> 1939.1861 | I34: =+G34*$B$14 -> 2848.4624 | J34: =+G34*$B$15 -> 239.36927 | K34: =+G34*$B$16 -> 607.20754 | L34: moving to sbs
A35: TOTAL | C35: =SUM(C23:C33) -> 15891099 | D35: =SUM(D23:D33) -> 6508361 | E35: =SUM(E23:E33) -> 4280771 | F35: =SUM(F23:F33) -> 26680231 | G35: =+F35/$M$4 -> 0.24878724 | H35: =SUM(H23:H33) -> 205532.73 | I35: =SUM(I23:I33) -> 301906.18 | J35: =SUM(J23:J33) -> 25370.552 | K35: =SUM(K23:K33) -> 64357.426
B36: =COUNTA(B23:B33) -> 11
F37: check: | G37: =SUM(G23:G33) -> 0.24878724
A38: NORTH PACIFIC
A39: LLP | B39: Vessel | C39: QS UNITS | G39: TOT % CV POOL | H39: Secondary Species + Halibut in pounds
C40: POP | D40: NR | E40: DUSKY | F40: TOTAL | H40: Sablefish | I40: Pcod | J40: Thornyhd | K40: Halibut
A41: 2487 | B41: NICHOLE | C41: 1345844 | D41: 796811 | E41: 820370 | F41: =SUM(C41:E41) -> 2963025 | G41: =+F41/$M$4 -> 0.027629551 | H41: =+$B$13*G41 -> 22825.838 | I41: =+G41*$B$14 -> 33528.778 | J41: =+G41*$B$15 -> 2817.576 | K41: =+G41*$B$16 -> 7147.3393 | L41: probably moving to sbs
A42: 1541 | B42: SEA MAC - MAGIC | C42: 1111437 | D42: 97033 | E42: 79146 | F42: =SUM(C42:E42) -> 1287616 | G42: =+F42/$M$4 -> 0.012006734 | H42: =+$B$13*G42 -> 9919.2258 | I42: =+G42*$B$14 -> 14570.31 | J42: =+G42*$B$15 -> 1224.4095 | K42: =+G42*$B$16 -> 3105.9571
A43: 3785 | B43: SEA MAC | C43: 510284 | D43: 238904 | E43: 161211 | F43: =SUM(C43:E43) -> 910399 | G43: =+F43/$M$4 -> 0.0084892687 | H43: =+$B$13*G43 -> 7013.3124 | I43: =+G43*$B$14 -> 10301.825 | J43: =+G43*$B$15 -> 865.70933 | K43: =+G43*$B$16 -> 2196.0431
A44: 2653 | B44: SEA MAC 2653 | C44: 194806 | D44: 233 | E44: 7609 | F44: =SUM(C44:E44) -> 202648 | G44: =+F44/$M$4 -> 0.0018896476 | H44: =+$B$13*G44 -> 1561.1108 | I44: =+G44*$B$14 -> 2293.1092 | J44: =+G44*$B$15 -> 192.70041 | K44: =+G44*$B$16 -> 488.82274
A45: 2973 | B45: CARAVELLE | C45: 1261813 | D45: 871860 | E45: 618497 | F45: =SUM(C45:E45) -> 2752170 | G45: =+F45/$M$4 -> 0.025663375 | H45: =+$B$13*G45 -> 21201.504 | I45: =+G45*$B$14 -> 31142.801 | J45: =+G45*$B$15 -> 2617.0715 | K45: =+G45*$B$16 -> 6638.7198
A46: 2535 | B46: TOPAZ | C46: 1982098 | D46: 1343344 | E46: 1060363 | F46: =SUM(C46:E46) -> 4385805 | G46: =+F46/$M$4 -> 0.040896659 | H46: =+$B$13*G46 -> 33786.307 | I46: =+G46*$B$14 -> 49628.567 | J46: =+G46*$B$15 -> 4170.5146 | K46: =+G46*$B$16 -> 10579.336
A47: 1590 | B47: ALASKA BEAUTY | C47: 1029074 | D47: 336623 | E47: 310881 | F47: =SUM(C47:E47) -> 1676578 | G47: =+F47/$M$4 -> 0.015633718 | H47: =+$B$13*G47 -> 12915.617 | I47: =+G47*$B$14 -> 18971.697 | J47: =+G47*$B$15 -> 1594.2781 | K47: =+G47*$B$16 -> 4044.2021
A48: 2148 | B48: CAPT'N ART | C48: 337304 | D48: 4733 | E48: 5204 | F48: =SUM(C48:E48) -> 347241 | G48: =+F48/$M$4 -> 0.0032379453 | H48: =+$B$13*G48 -> 2674.9915 | I48: =+G48*$B$14 -> 3929.2839 | J48: =+G48*$B$15 -> 330.19563 | K48: =+G48*$B$16 -> 837.60658
A49: 3764 | B49: ALASKAN | C49: 400932 | D49: 7432 | E49: 18653 | F49: =SUM(C49:E49) -> 427017 | G49: =+F49/$M$4 -> 0.0039818388 | H49: =+$B$13*G49 -> 3289.5506 | I49: =+G49*$B$14 -> 4832.0073 | J49: =+G49*$B$15 -> 406.05559 | K49: =+G49*$B$16 -> 1030.0404
A50: 1183 | B50: LESLIE LEE | C50: 1753708 | D50: 240585 | E50: 103879 | F50: =SUM(C50:E50) -> 2098172 | G50: =+F50/$M$4 -> 0.019564988 | H50: =+$B$13*G50 -> 16163.392 | I50: =+G50*$B$14 -> 23742.339 | J50: =+G50*$B$15 -> 1995.1769 | K50: =+G50*$B$16 -> 5061.1612
A51: TOTAL | C51: =SUM(C41:C50) -> 9927300 | D51: =SUM(D41:D50) -> 3937558 | E51: =SUM(E41:E50) -> 3185813 | F51: =SUM(F41:F50) -> 17050671 | G51: =+F51/$M$4 -> 0.15899372 | H51: =SUM(H41:H50) -> 131350.85 | I51: =SUM(I41:I50) -> 192940.72 | J51: =SUM(J41:J50) -> 16213.688 | K51: =SUM(K41:K50) -> 41129.228
B52: =COUNTA(B41:B50) -> 10
F53: check: | G53: =SUM(G41:G50) -> 0.15899372
A54: OBSI
A55: LLP | B55: Vessel | C55: QS UNITS | G55: TOT % CV POOL | H55: Secondary Species + Halibut in pounds
C56: POP | D56: NR | E56: DUSKY | F56: TOTAL | H56: Sablefish | I56: Pcod | J56: Thornyhd | K56: Halibut
A57: 1367 | B57: DOMINION | C57: 840674 | D57: 658925 | E57: 484934 | F57: =SUM(C57:E57) -> 1984533 | G57: =+F57/$M$4 -> 0.01850533 | H57: =+$B$13*G57 -> 15287.967 | I57: =+G57*$B$14 -> 22456.431 | J57: =+G57*$B$15 -> 1887.1162 | K57: =+G57*$B$16 -> 4787.0439
A58: 5201 | B58: NEW LIFE | C58: 1298985 | D58: 785917 | E58: 641581 | F58: =SUM(C58:E58) -> 2726483 | G58: =+F58/$M$4 -> 0.025423849 | H58: =+$B$13*G58 -> 21003.623 | I58: =+G58*$B$14 -> 30852.134 | J58: =+G58*$B$15 -> 2592.6454 | K58: =+G58*$B$16 -> 6576.7582
A59: 4465 | B59: MARATHON | C59: 1897303 | D59: 1023701 | E59: 734231 | F59: =SUM(C59:E59) -> 3655235 | G59: =+F59/$M$4 -> 0.034084256 | H59: =+$B$13*G59 -> 28158.318 | I59: =+G59*$B$14 -> 41361.637 | J59: =+G59*$B$15 -> 3475.8068 | K59: =+G59*$B$16 -> 8817.072
A60: 3504 | B60: BAY ISLANDER | C60: 0 | D60: 166733 | E60: 44060 | F60: =SUM(C60:E60) -> 210793 | G60: =+F60/$M$4 -> 0.001965598 | H60: =+$B$13*G60 -> 1623.8563 | I60: =+G60*$B$14 -> 2385.2758 | J60: =+G60*$B$15 -> 200.44559 | K60: =+G60*$B$16 -> 508.46992
A61: 4852 | B61: PACIFIC STAR | C61: 2743626 | D61: 1713235 | E61: 1043160 | F61: =SUM(C61:E61) -> 5500021 | G61: =+F61/$M$4 -> 0.051286476 | H61: =+$B$13*G61 -> 42369.736 | I61: =+G61*$B$14 -> 62236.73 | J61: =+G61*$B$15 -> 5230.036 | K61: =+G61*$B$16 -> 13267.021
A62: 2603 | B62: TAASINGE | C62: 1233865 | D62: 676105 | E62: 631919 | F62: =SUM(C62:E62) -> 2541889 | G62: =+F62/$M$4 -> 0.023702551 | H62: =+$B$13*G62 -> 19581.592 | I62: =+G62*$B$14 -> 28763.319 | J62: =+G62*$B$15 -> 2417.1127 | K62: =+G62*$B$16 -> 6131.4849
A63: 1619 | B63: STELLA | C63: 1530853 | D63: 716713 | E63: 483634 | F63: =SUM(C63:E63) -> 2731200 | G63: =+F63/$M$4 -> 0.025467834 | H63: =+$B$13*G63 -> 21039.96 | I63: =+G63*$B$14 -> 30905.51 | J63: =+G63*$B$15 -> 2597.1308 | K63: =+G63*$B$16 -> 6588.1365
A64: 2188 | B64: GREEN HOPE | C64: 465526 | D64: 243122 | E64: 361047 | F64: =SUM(C64:E64) -> 1069695 | G64: =+F64/$M$4 -> 0.0099746686 | H64: =+$B$13*G64 -> 8240.4585 | I64: =+G64*$B$14 -> 12104.375 | J64: =+G64*$B$15 -> 1017.1858 | K64: =+G64*$B$16 -> 2580.2931
A65: 2683 | B65: OCEAN HOPE 3 | C65: 2451788 | D65: 434314 | E65: 309032 | F65: =SUM(C65:E65) -> 3195134 | G65: =+F65/$M$4 -> 0.029793916 | H65: =+$B$13*G65 -> 24613.903 | I65: =+G65*$B$14 -> 36155.26 | J65: =+G65*$B$15 -> 3038.2913 | K65: =+G65*$B$16 -> 7707.2272
A66: TOTAL | C66: =SUM(C57:C65) -> 12462620 | D66: =SUM(D57:D65) -> 6418765 | E66: =SUM(E57:E65) -> 4733598 | F66: =SUM(F57:F65) -> 23614983 | G66: =+F66/$M$4 -> 0.22020448 | H66: =SUM(H57:H65) -> 181919.41 | I66: =SUM(I57:I65) -> 267220.67 | J66: =SUM(J57:J65) -> 22455.771 | K66: =SUM(K57:K65) -> 56963.507
B67: =COUNTA(B57:B65) -> 9 | C67: =C66/'Alloc by Sector'!D20 -> 0.44903232 | D67: =D66/'Alloc by Sector'!D18 -> 0.057949857 | E67: =E66/'Alloc by Sector'!D19 -> 0.078892956
F68: check: | G68: =SUM(G57:G65) -> 0.22020448
A69: SOK
A70: LLP | B70: Vessel | C70: QS UNITS | G70: TOT % CV POOL | H70: Secondary Species + Halibut in pounds
C71: POP | D71: NR | E71: DUSKY | F71: TOTAL | H71: Sablefish | I71: Pcod | J71: Thornyhd | K71: Halibut
A72: 3658 | B72: OCEAN STORM | C72: 310957 | D72: 2740 | E72: 73114 | F72: =SUM(C72:E72) -> 386811 | G72: =+F72/$M$4 -> 0.0036069268 | H72: =+$B$13*G72 -> 2979.8213 | I72: =+G72*$B$14 -> 4377.0472 | J72: =+G72*$B$15 -> 367.82322 | K72: =+G72*$B$16 -> 933.05641
A73: 2364 | B73: ROSELLA | C73: 680933 | D73: 288003 | E73: 597094 | F73: =SUM(C73:E73) -> 1566030 | G73: =+F73/$M$4 -> 0.014602882 | H73: =+$B$13*G73 -> 12064.004 | I73: =+G73*$B$14 -> 17720.766 | J73: =+G73*$B$15 -> 1489.1567 | K73: =+G73*$B$16 -> 3777.5408
A74: 3521 | B74: EXCALIBUR II | C74: 1816063 | D74: 715313 | E74: 372236 | F74: =SUM(C74:E74) -> 2903612 | G74: =+F74/$M$4 -> 0.027075538 | H74: =+$B$13*G74 -> 22368.146 | I74: =+G74*$B$14 -> 32856.477 | J74: =+G74*$B$15 -> 2761.0795 | K74: =+G74*$B$16 -> 7004.0246
A75: 2567 | B75: ARCTIC RAM | C75: 737398 | D75: 476003 | E75: 399620 | F75: =SUM(C75:E75) -> 1613021 | G75: =+F75/$M$4 -> 0.015041063 | H75: =+$B$13*G75 -> 12426.002 | I75: =+G75*$B$14 -> 18252.503 | J75: =+G75*$B$15 -> 1533.841 | K75: =+G75*$B$16 -> 3890.8914
A76: 2278 | B76: MARCY J | C76: 1427968 | D76: 1015508 | E76: 1167975 | F76: =SUM(C76:E76) -> 3611451 | G76: =+F76/$M$4 -> 0.033675979 | H76: =+$B$13*G76 -> 27821.026 | I76: =+G76*$B$14 -> 40866.189 | J76: =+G76*$B$15 -> 3434.1721 | K76: =+G76*$B$16 -> 8711.4572
A77: 2636 | B77: CAPE KIWANDA | C77: 1224441 | D77: 786060 | E77: 501659 | F77: =SUM(C77:E77) -> 2512160 | G77: =+F77/$M$4 -> 0.023425335 | H77: =+$B$13*G77 -> 19352.573 | I77: =+G77*$B$14 -> 28426.914 | J77: =+G77*$B$15 -> 2388.8431 | K77: =+G77*$B$16 -> 6059.7733
A78: 3144 | B78: PACIFIC RAM | C78: 216888 | D78: 23497 | E78: 64999 | F78: =SUM(C78:E78) -> 305384 | G78: =+F78/$M$4 -> 0.0028476381 | H78: =+$B$13*G78 -> 2352.5436 | I78: =+G78*$B$14 -> 3455.6416 | J78: =+G78*$B$15 -> 290.39331 | K78: =+G78*$B$16 -> 736.64011
A79: 3463 | B79: TRAVELER | C79: 1527812 | D79: 73997 | E79: 12709 | F79: =SUM(C79:E79) -> 1614518 | G79: =+F79/$M$4 -> 0.015055022 | H79: =+$B$13*G79 -> 12437.535 | I79: =+G79*$B$14 -> 18269.443 | J79: =+G79*$B$15 -> 1535.2645 | K79: =+G79*$B$16 -> 3894.5024
A80: 3594 | B80: ARCTIC WIND | C80: 3620616 | D80: 1907465 | E80: 1011048 | F80: =SUM(C80:E80) -> 6539129 | G80: =+F80/$M$4 -> 0.060975927 | H80: =+$B$13*G80 -> 50374.566 | I80: =+G80*$B$14 -> 73994.991 | J80: =+G80*$B$15 -> 6218.1362 | K80: =+G80*$B$16 -> 15773.533
A81: 2550 | B81: MICHELLE RENEE | C81: 2637886 | D81: 3577753 | E81: 1818818 | F81: =SUM(C81:E81) -> 8034457 | G81: =+F81/$M$4 -> 0.074919529 | H81: =+$B$13*G81 -> 61893.913 | I81: =+G81*$B$14 -> 90915.712 | J81: =+G81*$B$15 -> 7640.0615 | K81: =+G81*$B$16 -> 19380.528
A82: 2882 | B82: PACIFIC STORM | C82: 100 | D82: 100 | E82: 100 | F82: =SUM(C82:E82) -> 300 | G82: =+F82/$M$4 -> 2.7974335e-06 | H82: =+$B$13*G82 -> 2.3110677 | I82: =+G82*$B$14 -> 3.3947177 | J82: =+G82*$B$15 -> 0.2852736 | K82: =+G82*$B$16 -> 0.72365295
A83: 1271 | B83: WALTER N | C83: 2217284 | D83: 277857 | E83: 329514 | F83: =SUM(C83:E83) -> 2824655 | G83: =+F83/$M$4 -> 0.026339281 | H83: =+$B$13*G83 -> 21759.896 | I83: =+G83*$B$14 -> 31963.022 | J83: =+G83*$B$15 -> 2685.9983 | K83: =+G83*$B$16 -> 6813.5664
... A86: 1523 | B86: COLLIER BROTHERS | C86: 1112779 | D86: 742825 | E86: 300249 | F86: =SUM(C86:E86) -> 2155853 | G86: =+F86/$M$4 -> 0.020102851 | H86: =+$B$13*G86 -> 16607.741 | I86: =+G86*$B$14 -> 24395.041 | J86: =+G86*$B$15 -> 2050.0265 | K86: =+G86*$B$16 -> 5200.298
A87: TOTAL | C87: =SUM(C72:C86) -> 21552195 | D87: =SUM(D72:D86) -> 10828579 | E87: =SUM(E72:E86) -> 7262772 | F87: =SUM(F72:F86) -> 39643546 | G87: =SUM(G72:G86) -> 0.36966727 | H87: =SUM(H72:H86) -> 305396.39 | I87: =SUM(I72:I86) -> 448595.5 | J87: =SUM(J72:J86) -> 37697.523 | K87: =SUM(K72:K86) -> 95627.23
B88: =COUNTA(B72:B82) -> 11
F89: check: | G89: =SUM(G72:G86) -> 0.36966727
H90: sable | I90: cod | J90: thorny | K90: halibut
E91: Totals | F91: checks: | G91: =SUM(G89,G68,G53,G37) -> 0.99765271 | H91: =SUM(H87,H66,H51,H35) -> 824199.39 | I91: =SUM(I87,I66,I51,I35) -> 1210663.1 | J91: =SUM(J87,J66,J51,J35) -> 101737.53 | K91: =SUM(K87,K66,K51,K35) -> 258077.39

Sheet TAC Sector Allocations
A1: CGOA ROCKFISH SECTOR ALLOCATIONS | L1: 46024 | M1: Updated with Council Dec Specs Motion
L3: Instructions | T3: PRIMARY ROCKFISH ICA HISTORY
A4: Species | B4: TAC | C4: ICA | D4: TAC - ICA | E4: Entry Level (FG) | F4: TAC for Coop CQ | G4: Sector | H4: QS units in that sector | I4: % QS pool to sector | J4: TAC to sector | L4: 1. When you copy/paste the new Table 10 from the GOA specs in the GOA Other Allocations tab of the Specs and Allocations spreadsheet, if you keep the cell references in tact the new TAC, ICA, TAC minus ICA, and Entry Level allocations (brownish cells) will autofill in this sheet. Double check. Also update the Primary Rockfish ICA history table to the right. | U4: ICA's | V4: POP | W4: NR | X4: Dusky
L5: 2. Make sure your green "TAC for CQ" cells also match the "Allocation to the Rockfish Cooperpatives" column in Table 10 of the GOA Specs. | U5: 2012 | V5: 900 | W5: 125 | X5: 125
A6: POP | B6: =IFERROR(__xludf.DUMMYFUNCTION("IMPORTRANGE(""https://docs.google.com/spreadsheets/d/16o26avt11eNbQTdY8bgf8e4G4Mskqme1yI30mjRNa-0/edit#gid=1833521013"", ""'GOA Gfish Specs'!I49"")"),27156.0) -> 27156 | C6: 2800 | D6: =B6-C6 -> 24356 | E6: =IFERROR(__xludf.DUMMYFUNCTION("IMPORTRANGE(""https://docs.google.com/spreadsheets/d/16o26avt11eNbQTdY8bgf8e4G4Mskqme1yI30mjRNa-0/edit#gid=1833521013"", ""'GOA Other Alloc'!E16"")"),5.0) -> 5 | F6: =D6-E6 -> 24351 | G6: CV | H6: 62053356 | I6: =H6/H8 -> 0.60802728 | J6: =$F$6*I6 -> 14806.072 | L6: 3. The "QS units in sector and % QS pool to sector" columns never change and are protected cells so they can't be edited. | U6: 2013 | V6: 900 | W6: 125 | X6: 200
G7: CP | H7: 40003505 | I7: =H7/H8 -> 0.39197272 | J7: =$F$6*I7 -> 9544.9276 | L7: 4. The light yellow column "TAC to Sector" is "TAC for CQ" multipled by the "% QS Pool to sector" for each species and sector. It should automatically update when you put in the new TAC/ICA/Entry allocations but make sure. The green cells in that column are also a data check and should match the "TAC for CQ" for that species (if your formulas are working properly). | U7: 2014 | V7: 1200 | W7: 200 | X7: 200
G8: Total | H8: 102056861 | J8: =SUM(J6:J7) -> 24351 | U8: 2015 | V8: 2000 | W8: 200 | X8: 250
A9: NR | B9: =IFERROR(__xludf.DUMMYFUNCTION("IMPORTRANGE(""https://docs.google.com/spreadsheets/d/16o26avt11eNbQTdY8bgf8e4G4Mskqme1yI30mjRNa-0/edit#gid=1833521013"", ""'GOA Gfish Specs'!I55"")"),3549.0) -> 3549 | C9: 300 | D9: =IFERROR(__xludf.DUMMYFUNCTION("IMPORTRANGE(""https://docs.google.com/spreadsheets/d/16o26avt11eNbQTdY8bgf8e4G4Mskqme1yI30mjRNa-0/edit#gid=1833521013"", ""'GOA Other Alloc'!D17"")"),3380.0) -> 3380 | E9: =IFERROR(__xludf.DUMMYFUNCTION("IMPORTRANGE(""https://docs.google.com/spreadsheets/d/16o26avt11eNbQTdY8bgf8e4G4Mskqme1yI30mjRNa-0/edit#gid=1833521013"", ""'GOA Other Alloc'!E16"")"),5.0) -> 5 | F9: =D9-E9 -> 3375 | G9: CV | H9: 28632008 | I9: =H9/H11 -> 0.59923579 | J9: =$F$9*I9 -> 2022.4208 | L9: 5. Allocations of secondary species should also automatically update when new Table 12 is put into Specs. The CGOA TAC is multipled by the % of TAC to that sector. These percentages only change if the Council takes action. The percentages are included in Table 12. Doublecheck everything with Table 12. | U9: 2016 | V9: 1500 | W9: 300 | X9: 250
G10: CP | H10: 19148863 | I10: =H10/H11 -> 0.40076421 | J10: =$F$9*I10 -> 1352.5792 | L10: 6. The pink "TAC to Sector" cell for cod should match the calculation in the 2023 GOA Fed Cod Allocations tab table for RP cod (cell D7). However, you need to use the ROUND CGOA TAC mt with no decimals. Each year when the new CGOA TACs pull into the spreadsheet, round the whole mt CGOA TAC number and multiply it by the percentage cell for that sector and species. The pink column should have decimal places that should be correct. | U10: 2017 | V10: 2000 | W10: 300 | X10: 250
G11: Total | H11: 47780871 | J11: =SUM(J9:J10) -> 3375 | L11: 7. Allocation of Halibut PSC by sector also doesn't normally change so make sure it still matches. If it does change, you need to multiple the Halibut PSC by %PSC to sector by hand and then put "PSC to Sector" in the dark purple cells with just one decimal place. Don't make it a calculation and don't use extra decimals or the numbers won't match. | U11: 2018 | V11: 4000 | W11: 300 | X11: 250
A12: DUSKY | B12: =IFERROR(__xludf.DUMMYFUNCTION("IMPORTRANGE(""https://docs.google.com/spreadsheets/d/16o26avt11eNbQTdY8bgf8e4G4Mskqme1yI30mjRNa-0/edit#gid=1833521013"", ""'GOA Gfish Specs'!I63"")"),5527.0) -> 5527 | C12: 250 | D12: =IFERROR(__xludf.DUMMYFUNCTION("IMPORTRANGE(""https://docs.google.com/spreadsheets/d/16o26avt11eNbQTdY8bgf8e4G4Mskqme1yI30mjRNa-0/edit#gid=1833521013"", ""'GOA Other Alloc'!D18"")"),5568.0) -> 5568 | E12: 50 | F12: =D12-E12 -> 5518 | G12: CV | H12: 20078757 | I12: =H12/H14 -> 0.62274648 | J12: =$F$12*I12 -> 3436.3151 | U12: 2019 | V12: 3000 | W12: 300 | X12: 250
G13: CP | H13: 12163508 | I13: =H13/H14 -> 0.37725352 | J13: =$F$12*I13 -> 2081.6849 | U13: 2020 | V13: 3000 | W13: 300 | X13: 250
G14: Total | H14: 32242265 | J14: =SUM(J12:J13) -> 5518 | U14: 2021 | V14: 2500 | W14: 300 | X14: 250
A15: Total QS | D15: =SUM(D6:D14) -> 33304 | E15: =SUM(E6:E14) -> 60 | F15: =SUM(F6:F14) -> 33244 | G15: CV | H15: 110764121 | I15: =H15/H17 -> 0.60832669 | J15: =$F$15*I15 -> 20223.212 | U15: 2022 | V15: 2500 | W15: 300 | X15: 250
G16: CP | H16: 71315876 | I16: =H16/H17 -> 0.39167331 | J16: =$F$15*I16 -> 13020.788 | U16: 2023 | V16: 3000 | W16: 300 | X16: 250
G17: Total | H17: 182079997 | J17: =SUM(J15:J16) -> 33244 | U17: 2024 | V17: 3500 | W17: 300 | X17: 250
U18: 2025 | V18: 3500 | W18: 300 | X18: 250
U19: 2026 | V19: 2800 | W19: 300 | X19: 250
A20: Allocation of Secondary Rockfish Species TAC by Sector
A21: Species | B21: CGOA TAC | C21: % of CGOA TAC to Sector | E21: Sector | F21: TAC to sector
A22: Pacific Cod | B22: =IFERROR(__xludf.DUMMYFUNCTION("IMPORTRANGE(""https://docs.google.com/spreadsheets/d/16o26avt11eNbQTdY8bgf8e4G4Mskqme1yI30mjRNa-0/edit#gid=1014936405"", ""'GOA Fed Cod'!D5"")"),14447.25) -> 14447.25 | C22: 0.0381 | E22: CV (only) | F22: =B22*C22 -> 550.44023
A23: Sablefish | B23: =IFERROR(__xludf.DUMMYFUNCTION("IMPORTRANGE(""https://docs.google.com/spreadsheets/d/16o26avt11eNbQTdY8bgf8e4G4Mskqme1yI30mjRNa-0/edit#gid=1833521013"", ""'GOA Gfish Specs'!I63"")"),5527.0) -> 5527 | C23: 0.0678 | E23: CV | F23: =B23*C23 -> 374.7306
C24: 0.0351 | E24: CP | F24: =B23*C24 -> 193.9977
E25: Total | F25: =SUM(F23:F24) -> 568.7283
A26: Shortraker | B26: =IFERROR(__xludf.DUMMYFUNCTION("IMPORTRANGE(""https://docs.google.com/spreadsheets/d/16o26avt11eNbQTdY8bgf8e4G4Mskqme1yI30mjRNa-0/edit#gid=1833521013"", ""'GOA Gfish Specs'!I59"")"),189.0) -> 189 | C26: 0.4 | E26: CP (only) | F26: =B26*C26 -> 75.6 | H26: =B26*0.0972 -> 18.3708
A27: Rougheye | B27: =IFERROR(__xludf.DUMMYFUNCTION("IMPORTRANGE(""https://docs.google.com/spreadsheets/d/16o26avt11eNbQTdY8bgf8e4G4Mskqme1yI30mjRNa-0/edit#gid=1833521013"", ""'GOA Gfish Specs'!I68"")"),366.0) -> 366 | C27: 0.5887 | E27: CP (only) | F27: =B27*C27 -> 215.4642
A28: Thornyhead | B28: =IFERROR(__xludf.DUMMYFUNCTION("IMPORTRANGE(""https://docs.google.com/spreadsheets/d/16o26avt11eNbQTdY8bgf8e4G4Mskqme1yI30mjRNa-0/edit#gid=1833521013"", ""'GOA Gfish Specs'!I75"")"),590.0) -> 590 | C28: 0.0784 | E28: CV | F28: =B28*C28 -> 46.256
C29: 0.265 | E29: CP | F29: =B28*C29 -> 156.35
E30: Total | F30: =SUM(F28:F29) -> 202.606
A31: Notes: Only CVs receieve allocations of P. Cod and it is allocated from the CGOA B Season P. Cod TAC. Only CPs receive allocations of Shortraker and Rougheye.
A35: Allocation of Halibut PSC by Sector
A36: Species | B36: Halibut PSC | C36: % of PSC to Sector | E36: Sector | F36: PSC to Sector
A37: Halibut | B37: 134.1 | C37: 0.875 | E37: CV | F37: =B37*C37 -> 117.3375
B38: 84.7 | C38: 0.875 | E38: CP | F38: =B38*C38 -> 74.1125
B39: =SUM(B37:B38) -> 218.8 | E39: Total | F39: =SUM(F37:F38) -> 191.45
A40: Note: Halibut PSC limits for RP do not change. Set in Regulation.

Sheet CV Coop Sector Alloc
A1: CV Coop Sector Allocations | E1: NOT UPDATED FOR 2023 | I1: 2204.62 | K1: Needs to be updated for 2026
A3: Rockfish QS Units | I3: 2025 Allocations (mt)
A4: CV SECTOR | B4: POP | C4: NR | D4: Dusky | E4: TOTAL | I4: CV SECTOR | J4: POP | K4: NR | L4: DUSKY | M4: SABLE | N4: COD | O4: THORNY | P4: HALIBUT | R4: CV Co-op | S4: POP (mt) | T4: POP (% of Total) | U4: NR (mt) | V4: NR (% of Total) | W4: Dusky (mt) | X4: Dusky (% of Total) | Y4: Total 2025 Rockfish (mt) | Z4: % of Total
A5: Silver Bay | B5: ='CV Coop LLP Primary Alloc'!C22 -> 16058147 | C5: ='CV Coop LLP Primary Alloc'!D22 -> 6569492 | D5: ='CV Coop LLP Primary Alloc'!E22 -> 4304318 | E5: =SUM(B5:D5) -> 26931957 | I5: SBS | J5: 3978.241 | K5: 474.254 | L5: 754.885 | M5: 164.359 | N5: 145.774 | O5: 11.507 | P5: 29.182 | R5: SBS | S5: =J5 -> 3978.241 | T5: =S5/$S$10 -> 0.2648505 | U5: =K5 -> 474.254 | V5: =U5/$U$10 -> 0.23449839 | W5: =L5 -> 754.885 | X5: =W5/$W$10 -> 0.21967877 | Y5: =SUM(J5:L5) -> 5207.38 | Z5: =Y5/$Y$10 -> 0.2542736
A6: North Pacific | B6: ='CV Coop LLP Primary Alloc'!C40 -> 9927300 | C6: ='CV Coop LLP Primary Alloc'!D40 -> 3937558 | D6: ='CV Coop LLP Primary Alloc'!E40 -> 3185813 | E6: =SUM(B6:D6) -> 17050671 | I6: North Pacific | J6: 2527.059 | K6: 291.378 | L6: 565.949 | M6: 106.588 | N6: 94.536 | O6: 7.462 | P6: 18.925 | R6: North Pacific | S6: =J6 -> 2527.059 | T6: =S6/$S$10 -> 0.16823839 | U6: =K6 -> 291.378 | V6: =U6/$U$10 -> 0.144074 | W6: =L6 -> 565.949 | X6: =W6/$W$10 -> 0.16469658 | Y6: =SUM(J6:L6) -> 3384.386 | Z6: =Y6/$Y$10 -> 0.16525777
A7: OBSI | B7: ='CV Coop LLP Primary Alloc'!C57 -> 12462620 | C7: ='CV Coop LLP Primary Alloc'!D57 -> 6418765 | D7: ='CV Coop LLP Primary Alloc'!E57 -> 4733598 | E7: =SUM(B7:D7) -> 23614983 | I7: OBSI | J7: 3119.942 | K7: 467.725 | L7: 834.738 | M7: 145.476 | N7: 129.026 | O7: 10.185 | P7: 25.829 | R7: OBSI | S7: =J7 -> 3119.942 | T7: =S7/$S$10 -> 0.20770944 | U7: =K7 -> 467.725 | V7: =U7/$U$10 -> 0.23127008 | W7: =L7 -> 834.738 | X7: =W7/$W$10 -> 0.24291675 | Y7: =SUM(J7:L7) -> 4422.405 | Z7: =Y7/$Y$10 -> 0.21594369
A8: SOK | B8: ='CV Coop LLP Primary Alloc'!C80 -> 21552195 | C8: ='CV Coop LLP Primary Alloc'!D80 -> 10828579 | D8: ='CV Coop LLP Primary Alloc'!E80 -> 7262772 | E8: =SUM(B8:D8) -> 39643546 | I8: SOK | J8: 5395.462 | K8: 789.062 | L8: 1280.741 | M8: 244.218 | N8: 216.602 | O8: 17.099 | P8: 43.361 | R8: SOK | S8: =J8 -> 5395.462 | T8: =S8/$S$10 -> 0.35920167 | U8: =K8 -> 789.062 | V8: =U8/$U$10 -> 0.39015753 | W8: =L8 -> 1280.741 | X8: =W8/$W$10 -> 0.3727079 | Y8: =SUM(J8:L8) -> 7465.265 | Z8: =Y8/$Y$10 -> 0.36452493
A9: Pacific | B9: 0 | C9: 0 | D9: 0 | E9: 0 | I9: Pacific | J9: 0 | K9: 0 | L9: 0 | M9: 0 | N9: 0 | O9: 0 | P9: 0 | R9: Pacific | S9: =J9 -> 0 | T9: =S9/$S$10 -> 0 | U9: =K9 -> 0 | V9: =U9/$U$10 -> 0 | W9: =L9 -> 0 | X9: =W9/$W$10 -> 0 | Y9: =SUM(J9:L9) -> 0 | Z9: =Y9/$Y$10 -> 0
A10: Total | B10: =SUM(B5:B9) -> 60000262 | C10: =SUM(C5:C9) -> 27754394 | D10: =SUM(D5:D9) -> 19486501 | E10: =SUM(E5:E9) -> 107241157 | I10: Total | J10: =SUM(J5:J9) -> 15020.704 | K10: =SUM(K5:K9) -> 2022.419 | L10: =SUM(L5:L9) -> 3436.313 | M10: =SUM(M5:M9) -> 660.641 | N10: =SUM(N5:N9) -> 585.938 | O10: =SUM(O5:O9) -> 46.253 | P10: =SUM(P5:P9) -> 117.297 | R10: Total | S10: =SUM(S5:S9) -> 15020.704 | T10: =SUM(T5:T9) -> 1 | U10: =SUM(U5:U9) -> 2022.419 | V10: =SUM(V5:V9) -> 1 | W10: =SUM(W5:W9) -> 3436.313 | X10: =SUM(X5:X9) -> 1 | Y10: =SUM(Y5:Y9) -> 20479.436 | Z10: =SUM(Z5:Z9) -> 1
A12: Table 6. In Allocations Doc:
A13: SBS CV Cooperative | I13: 2025 Allocations (lbs) | R13: DATA CHECK WITH NMFS
A14: SPECIES | B14: CV sector TAC | C14: SBS QS | D14: TOTAL QS POOL | E14: % OF TAC | F14: MT | G14: LBS | I14: CV SECTOR | J14: POP | K14: NR | L14: DUSKY | M14: SABLE | N14: COD | O14: THORNY | P14: HALIBUT | R14: 2025 | S14: NMFS | T14: AGDB | U14: Diff
A15: POP | B15: ='CV Coop LLP Primary Alloc'!E3 -> 14806.072 | C15: =+B5 -> 16058147 | D15: =$B$10 -> 60000262 | E15: =+C15/D15 -> 0.26763461 | F15: =+E15*B15 -> 3962.6175 | G15: =+F15*$I$1 -> 8736065.7 | I15: SBS | J15: =J5*2204.62 -> 8770509.7 | K15: =K5*2204.62 -> 1045549.9 | L15: =L5*2204.62 -> 1664234.6 | M15: =M5*2204.62 -> 362349.14 | N15: =N5*2204.62 -> 321376.28 | O15: =O5*2204.62 -> 25368.562 | P15: =P5*2204.62 -> 64335.221 | R15: POP | S15: 15020.704 | T15: =J10 -> 15020.704 | U15: =S15-T15 -> 0
A16: NR | B16: ='CV Coop LLP Primary Alloc'!E4 -> 2022.4208 | C16: =+C5 -> 6569492 | D16: =$C$10 -> 27754394 | E16: =+C16/D16 -> 0.23670097 | F16: =+E16*B16 -> 478.70896 | G16: =+F16*$I$1 -> 1055371.4 | I16: North Pacific | J16: =J6*2204.62 -> 5571204.8 | K16: =K6*2204.62 -> 642377.77 | L16: =L6*2204.62 -> 1247702.5 | M16: =M6*2204.62 -> 234986.04 | N16: =N6*2204.62 -> 208415.96 | O16: =O6*2204.62 -> 16450.874 | P16: =P6*2204.62 -> 41722.433 | R16: Northern | S16: 2022.419 | T16: =K10 -> 2022.419 | U16: =S16-T16 -> 0
A17: Dusky | B17: ='CV Coop LLP Primary Alloc'!E5 -> 3436.3151 | C17: =+D5 -> 4304318 | D17: =$D$10 -> 19486501 | E17: =+C17/D17 -> 0.22088717 | F17: =+E17*B17 -> 759.0379 | G17: =+F17*$I$1 -> 1673390.1 | I17: OBSI | J17: =J7*2204.62 -> 6878286.5 | K17: =K7*2204.62 -> 1031155.9 | L17: =L7*2204.62 -> 1840280.1 | M17: =M7*2204.62 -> 320719.3 | N17: =N7*2204.62 -> 284453.3 | O17: =O7*2204.62 -> 22454.055 | P17: =P7*2204.62 -> 56943.13 | R17: Dusky | S17: 3436.314 | T17: =L10 -> 3436.313 | U17: =S17-T17 -> 0.001
A18: Total | B18: =SUM(B15:B17) -> 20264.808 | C18: =SUM(C15:C17) -> 26931957 | D18: =SUM(D15:D17) -> 107241157 | E18: =+C18/D18 -> 0.25113452 | F18: =SUM(F15:F17) -> 5200.3643 | G18: =+F18*$I$1 -> 11464827 | I18: SOK | J18: =J8*2204.62 -> 11894943 | K18: =K8*2204.62 -> 1739581.9 | L18: =L8*2204.62 -> 2823547.2 | M18: =M8*2204.62 -> 538407.89 | N18: =N8*2204.62 -> 477525.1 | O18: =O8*2204.62 -> 37696.797 | P18: =P8*2204.62 -> 95594.528 | R18: Sablefish | S18: 660.641 | T18: =M10 -> 660.641 | U18: =S18-T18 -> 0
A19: NP CV Cooperative | I19: Pacific | J19: =J9*2204.62 -> 0 | K19: =K9*2204.62 -> 0 | L19: =L9*2204.62 -> 0 | M19: =M9*2204.62 -> 0 | N19: =N9*2204.62 -> 0 | O19: =O9*2204.62 -> 0 | P19: =P9*2204.62 -> 0 | R19: Pacific Cod | S19: 585.938 | T19: =N10 -> 585.938 | U19: =S19-T19 -> 0
I20: Total | J20: =SUM(J15:J19) -> 33114944 | K20: =SUM(K15:K19) -> 4458665.4 | L20: =SUM(L15:L19) -> 7575764.4 | M20: =SUM(M15:M19) -> 1456462.4 | N20: =SUM(N15:N19) -> 1291770.6 | O20: =SUM(O15:O19) -> 101970.29 | P20: =SUM(P15:P19) -> 258595.31 | R20: Thornyhd | S20: 46.254 | T20: =O10 -> 46.253 | U20: =S20-T20 -> 0.001
A21: SPECIES | B21: CV sector TAC | C21: NP QS | D21: TOTAL QS POOL | E21: % OF TAC | F21: MT | G21: LBS | R21: Halibut | S21: 117.298 | T21: =P10 -> 117.297 | U21: =S21-T21 -> 0.001
A22: POP | B22: =+B15 -> 14806.072 | C22: =+B6 -> 9927300 | D22: =$B$10 -> 60000262 | E22: =+C22/D22 -> 0.16545428 | F22: =+E22*B22 -> 2449.728 | G22: =+F22*$I$1 -> 5400719.4 | J22: 40% Processing Cap | R22: Grand Total | S22: =SUM(S15:S21) -> 21889.568 | T22: =SUM(T15:T21) -> 21889.565 | U22: =S22-T22 -> 0.003
A23: NR | B23: =+B16 -> 2022.4208 | C23: =+C6 -> 3937558 | D23: =$C$10 -> 27754394 | E23: =+C23/D23 -> 0.14187152 | F23: =+E23*B23 -> 286.92391 | G23: =+F23*$I$1 -> 632558.18 | J23: =SUM(J20:L20)*0.4 -> 18059750 | K23: =M20*0.4 -> 582584.94 | L23: =N20*0.4 -> 516708.25 | R23: Numbers get plugged into NMFS column once we have them from Steve Whitney to match to ours.
A24: Dusky | B24: =+B17 -> 3436.3151 | C24: =+D6 -> 3185813 | D24: =$D$10 -> 19486501 | E24: =+C24/D24 -> 0.1634882 | F24: =+E24*B24 -> 561.79697 | G24: =+F24*$I$1 -> 1238548.8 | J24: RF | K24: Sable | L24: Cod
A25: Total | B25: =SUM(B22:B24) -> 20264.808 | C25: =SUM(C22:C24) -> 17050671 | D25: =SUM(D22:D24) -> 107241157 | E25: =+C25/D25 -> 0.15899372 | F25: =SUM(F22:F24) -> 3298.4489 | G25: =+F25*$I$1 -> 7271826.4 | J25: 8% POP Vessel Harvest Cap
A26: OBI CV Cooperative | J26: =J20*0.08 -> 2649195.6
A28: SPECIES | B28: CV sector TAC | C28: OBI QS | D28: TOTAL QS POOL | E28: % OF TAC | F28: MT | G28: LBS
A29: POP | B29: =+B22 -> 14806.072 | C29: =+B7 -> 12462620 | D29: =$B$10 -> 60000262 | E29: =+C29/D29 -> 0.20770943 | F29: =+E29*B29 -> 3075.3608 | G29: =+F29*$I$1 -> 6780001.9
A30: NR | B30: =+B23 -> 2022.4208 | C30: =+C7 -> 6418765 | D30: =$C$10 -> 27754394 | E30: =+C30/D30 -> 0.23127023 | F30: =+E30*B30 -> 467.72572 | G30: =+F30*$I$1 -> 1031157.5
A31: Dusky | B31: =+B24 -> 3436.3151 | C31: =+D7 -> 4733598 | D31: =$D$10 -> 19486501 | E31: =+C31/D31 -> 0.24291678 | F31: =+E31*B31 -> 834.73858 | G31: =+F31*$I$1 -> 1840281.4
A32: Total | B32: =SUM(B29:B31) -> 20264.808 | C32: =SUM(C29:C31) -> 23614983 | D32: =SUM(D29:D31) -> 107241157 | E32: =+C32/D32 -> 0.22020448 | F32: =SUM(F29:F31) -> 4377.8251 | G32: =+F32*$I$1 -> 9651440.8
A33: SOK CV Cooperative
A35: SPECIES | B35: CV sector TAC | C35: SOK QS | D35: TOTAL QS POOL | E35: % OF TAC | F35: MT | G35: LBS
A36: POP | B36: =+B29 -> 14806.072 | C36: =+B8 -> 21552195 | D36: =$B$10 -> 60000262 | E36: =+C36/D36 -> 0.35920168 | F36: =+E36*B36 -> 5318.3661 | G36: =+F36*$I$1 -> 11724976
A37: NR | B37: =+B30 -> 2022.4208 | C37: =+C8 -> 10828579 | D37: =$C$10 -> 27754394 | E37: =+C37/D37 -> 0.39015728 | F37: =+E37*B37 -> 789.0622 | G37: =+F37*$I$1 -> 1739582.3
A38: Dusky | B38: =+B31 -> 3436.3151 | C38: =+D8 -> 7262772 | D38: =$D$10 -> 19486501 | E38: =+C38/D38 -> 0.37270786 | F38: =+E38*B38 -> 1280.7416 | G38: =+F38*$I$1 -> 2823548.6
A39: Total | B39: =SUM(B36:B38) -> 20264.808 | C39: =SUM(C36:C38) -> 39643546 | D39: =SUM(D36:D38) -> 107241157 | E39: =+C39/D39 -> 0.36966727 | F39: =SUM(F36:F38) -> 7388.1699 | G39: =+F39*$I$1 -> 16288107
A42: Pacific CV coop
A43: SPECIES | B43: CV sector TAC | C43: Pacific QS | D43: TOTAL QS POOL | E43: % OF TAC | F43: MT | G43: LBS
A44: POP | B44: =+#REF! -> #REF! | C44: =+B9 -> 0 | D44: =$B$10 -> 60000262 | E44: =+C44/D44 -> 0 | F44: =+E44*B44 -> #REF! | G44: =+F44*$I$1 -> #REF!
A45: NR | B45: =+#REF! -> #REF! | C45: =+C9 -> 0 | D45: =$C$10 -> 27754394 | E45: =+C45/D45 -> 0 | F45: =+E45*B45 -> #REF! | G45: =+F45*$I$1 -> #REF!
A46: Dusky | B46: =+#REF! -> #REF! | C46: =+D9 -> 0 | D46: =$D$10 -> 19486501 | E46: =+C46/D46 -> 0 | F46: =+E46*B46 -> #REF! | G46: =+F46*$I$1 -> #REF!
A47: Total | B47: =SUM(B44:B46) -> #REF! | C47: =SUM(C44:C46) -> 0 | D47: =SUM(D44:D46) -> 107241157 | E47: =+C47/D47 -> 0 | F47: =SUM(F44:F46) -> #REF! | G47: =+F47*$I$1 -> #REF!
A48: Pacific CV Coop rows hidden
A50: Secondary Species + Halibut PSC - Metric Tons
A51: Species | B51: CV sector | C51: SBS | D51: NP | E51: OBSI | F51: SOK | G51: Total
A52: Sablefish | B52: ='TAC Sector Allocations'!F23 -> 374.7306 | C52: =+B52*E18 -> 94.107791 | D52: =+B52*E25 -> 59.579814 | E52: =+B52*E32 -> 82.517356 | F52: =+B52*E39 -> 138.52564 | G52: =SUM(C52:F52) -> 374.7306
A53: Pacific Cod | B53: ='TAC Sector Allocations'!F22 -> 550.44023 | C53: =+B53*E18 -> 138.23454 | D53: =+B53*E25 -> 87.516542 | E53: =+B53*E32 -> 121.2094 | F53: =+E39*B53 -> 203.47974 | G53: =SUM(C53:F53) -> 550.44023
A54: Thornyhead | B54: ='TAC Sector Allocations'!F28 -> 46.256 | C54: =+B54*E18 -> 11.616479 | D54: =+B54*E25 -> 7.3544137 | E54: =+B54*E32 -> 10.185778 | F54: =+B54*E39 -> 17.099329 | G54: =SUM(C54:F54) -> 46.256
A55: Halibut | B55: ='TAC Sector Allocations'!F37 -> 117.3375 | C55: =+B55*E18 -> 29.467497 | D55: =+B55*E25 -> 18.655926 | E55: =+B55*E32 -> 25.838243 | F55: =+B55*E39 -> 43.375834 | G55: =SUM(C55:F55) -> 117.3375
A58: Secondary Species + Halibut PSC - Pounds
A59: Species | B59: CV sector | C59: SBS | D59: NP | E59: OBSI | F59: SOK | G59: Total
A60: Sablefish | B60: =+B52*$I$1 -> 826138.58 | C60: =+C52*$I$1 -> 207471.92 | D60: =+D52*$I$1 -> 131350.85 | E60: =+E52*$I$1 -> 181919.41 | F60: =+F52*$I$1 -> 305396.39 | G60: =SUM(C60:F60) -> 826138.58
A61: Pacific Cod | B61: =+B53*$I$1 -> 1213511.5 | C61: =+C53*$I$1 -> 304754.64 | D61: =+D53*$I$1 -> 192940.72 | E61: =+E53*$I$1 -> 267220.67 | F61: =+F53*$I$1 -> 448595.5 | G61: =SUM(C61:F61) -> 1213511.5
A62: Thornyhead | B62: =+B54*$I$1 -> 101976.9 | C62: =+C54*$I$1 -> 25609.921 | D62: =+D54*$I$1 -> 16213.688 | E62: =+E54*$I$1 -> 22455.771 | F62: =+F54*$I$1 -> 37697.523 | G62: =SUM(C62:F62) -> 101976.9
A63: Halibut | B63: =+B55*$I$1 -> 258684.6 | C63: =+C55*$I$1 -> 64964.634 | D63: =+D55*$I$1 -> 41129.228 | E63: =+E55*$I$1 -> 56963.507 | F63: =+F55*$I$1 -> 95627.23 | G63: =SUM(C63:F63) -> 258684.6
A64: *these two tables link to top of CV secondary and PSC Alloc tab for easy reference. edit here for changes to be reflected on that tab

Sheet Alloc by Sector
A1: ALLOCATION TO SECTOR | G1: This tab doesn't get updated; it stays the same unless there is a regulatory change.
A3: PRIMARY RF | B3: SECTOR | C3: QS UNITS | D3: TOTAL UNITS | E3: % BY SECTOR
A4: POP | B4: CV | C4: ='TAC Sector Allocations'!H6 -> 62053356 | D4: ='TAC Sector Allocations'!H8 -> 102056861 | E4: =+C4/D4 -> 0.60802728
A5: POP | B5: CP | C5: ='TAC Sector Allocations'!H7 -> 40003505 | D5: ='TAC Sector Allocations'!H8 -> 102056861 | E5: =+C5/D5 -> 0.39197272 | L5: NMFS 4-11-12
A6: NR | B6: CV | C6: ='TAC Sector Allocations'!H9 -> 28632008 | D6: ='TAC Sector Allocations'!H11 -> 47780871 | E6: =+C6/D6 -> 0.59923579 | L6: Sector | M6: Sum of Quota Share
A7: NR | B7: CP | C7: ='TAC Sector Allocations'!H10 -> 19148863 | D7: ='TAC Sector Allocations'!H11 -> 47780871 | E7: =+C7/D7 -> 0.40076421 | L7: CP | M7: 71315876
A8: DUSKY | B8: CV | C8: ='TAC Sector Allocations'!H12 -> 20078757 | D8: ='TAC Sector Allocations'!H14 -> 32242265 | E8: =+C8/D8 -> 0.62274648 | L8: Northern Rockfish | M8: 19148863
A9: DUSKY | B9: CP | C9: ='TAC Sector Allocations'!H13 -> 12163508 | D9: ='TAC Sector Allocations'!H14 -> 32242265 | E9: =+C9/D9 -> 0.37725352 | L9: Pacific Ocean Perch | M9: 40003505
A10: TOTAL | B10: CV | C10: =+C6+C4+C8 -> 110764121 | D10: =+D6+D4+D8 -> 182079997 | E10: =+C10/D10 -> 0.60832669 | L10: Pelagic Shelf Rockfish | M10: 12163508
A11: TOTAL | B11: CP | C11: =+C7+C5+C9 -> 71315876 | D11: =+D7+D5+D9 -> 182079997 | E11: =+C11/D11 -> 0.39167331 | L11: CV | M11: 107241157
L12: Northern Rockfish | M12: 27754394
L13: Pacific Ocean Perch | M13: 60000262
A14: Category | B14: Species | C14: CP | D14: CV | E14: % CV | F14: % CP | L14: Pelagic Shelf Rockfish | M14: 19486501
A15: QS pool denominators | B15: POP | C15: =C5 -> 40003505 | D15: =C4 -> 62053356 | E15: =D15/(C15+D15) -> 0.60802728 | F15: =C15/(C15+D15) -> 0.39197272 | L15: Grand Total | M15: 178557033
A16: QS pool denominators | B16: NR | C16: =C7 -> 19148863 | D16: =C6 -> 28632008 | E16: =D16/(C16+D16) -> 0.59923579 | F16: =C16/(C16+D16) -> 0.40076421
A17: QS pool denominators | B17: DUSKY | C17: =C9 -> 12163508 | D17: =C8 -> 20078757 | E17: =D17/(C17+D17) -> 0.62274648 | F17: =C17/(C17+D17) -> 0.37725352
A18: QS pool denominators | B18: Total | C18: =SUM(C15:C17) -> 71315876 | D18: =SUM(D15:D17) -> 110764121 | E18: =D18/(C18+D18) -> 0.60832669 | F18: =C18/(C18+D18) -> 0.39167331 | M18: =M11*0.04 -> 4289646.3
A19: Issued QS aggregate total | B19: POP | C19: 40003505 | D19: =59919410+80852 -> 60000262 | E19: =D19/(C19+D19) -> 0.59998002 | F19: =C19/(C19+D19) -> 0.40001998 | H19: Link to Table at top of CV Coop LLP Primary Allocations (CV QS Pool)
A20: Issued QS aggregate total | B20: NR | C20: 19148863 | D20: 27754394 | E20: =D20/(C20+D20) -> 0.59173703 | F20: =C20/(C20+D20) -> 0.40826297
A21: Issued QS aggregate total | B21: DUSKY | C21: 12163508 | D21: 19486501 | E21: =D21/(C21+D21) -> 0.61568706 | F21: =C21/(C21+D21) -> 0.38431294
A22: Issued QS aggregate total | B22: Total | C22: =SUM(C19:C21) -> 71315876 | D22: =SUM(D19:D21) -> 107241157 | E22: =D22/(C22+D22) -> 0.6005989 | F22: =C22/(C22+D22) -> 0.3994011 | G22: POP Revised April 2, 2012
A23: Difference | B23: NR | C23: 0 | D23: =D16-D20 -> 877614
A24: Difference | B24: DUSKY | C24: 0 | D24: =D17-D21 -> 592256
A25: Difference | B25: POP | C25: 0 | D25: =D15-D19 -> 2053094
A26: Difference | B26: Total | C26: 0 | D26: =D18-D22 -> 3522964

Sheet Exhibit B Harvest Schedule
A1: Exhibit B - Harvest Schedules | G1: These tables are compiled via links from combined sections of tables in the CV Coop LLP Primary Alloc and the CV Secondary & PSC Alloc tabs. They should automatically update each year after LLP movements between coops are made. This is the source for Exhibit B - Harvest Schedule of each coop's membership agreement, which are included in each coop's CQ Permit Allocation each March. Note Member column is hand typed, refer to Membership Sheet but they are not necessarily listed in same order. Leave order the same in this spreadsheet. Everything should be double checked each year to make sure it's still linking to current spreadsheet and that members are still lined up with the appropriate vessel, LLP No and % of CV pool) | O1: Updated and proofed for 2025 on 2/20
A3: Silver Bay Seafoods
A4: MEMBER INFORMATION | D4: HARVEST ALLOCATIONS (% of CV POOL)
A5: Member | B5: LLP No. | C5: Vessel | D5: POP | E5: Northern | F5: Dusky | G5: Sablefish | H5: Pacific Cod | I5: Thornyhead | J5: Halibut PSC
A6: MAR PACIFICO, INC | B6: =IFERROR(__xludf.DUMMYFUNCTION("IMPORTRANGE(""https://docs.google.com/spreadsheets/d/1fpr4iXJjYPIWfqLVGaDLSDFHokxxaVbtvYkSxFtDSHM/edit#gid=1391174979"", ""'CV Coop LLP Primary Alloc'!A10:B21"")"),2696.0) -> 2696 | C6: =IFERROR(__xludf.DUMMYFUNCTION("""COMPUTED_VALUE"""),"MAR PACIFICO") -> MAR PACIFICO | D6: =IFERROR(__xludf.DUMMYFUNCTION("IMPORTRANGE(""https://docs.google.com/spreadsheets/d/1fpr4iXJjYPIWfqLVGaDLSDFHokxxaVbtvYkSxFtDSHM/edit#gid=1391174979"", ""'CV Coop LLP Primary Alloc'!P10:R21"")"),0.03289067304406104) -> 0.032890673 | E6: =IFERROR(__xludf.DUMMYFUNCTION("""COMPUTED_VALUE"""),0.045166541917650946) -> 0.045166542 | F6: =IFERROR(__xludf.DUMMYFUNCTION("""COMPUTED_VALUE"""),0.04004531136708432) -> 0.040045311 | G6: =IFERROR(__xludf.DUMMYFUNCTION("IMPORTRANGE(""https://docs.google.com/spreadsheets/d/1fpr4iXJjYPIWfqLVGaDLSDFHokxxaVbtvYkSxFtDSHM/edit#gid=1392452204"", ""'CV Secondary & PSC Alloc'!G23:G34"")"),0.03736776170738255) -> 0.037367762 | H6: =G6 -> 0.037367762 | I6: =G6 -> 0.037367762 | J6: =G6 -> 0.037367762
A7: CHELLISSA FISHERIES, LLC | B7: =IFERROR(__xludf.DUMMYFUNCTION("""COMPUTED_VALUE"""),1554.0) -> 1554 | C7: =IFERROR(__xludf.DUMMYFUNCTION("""COMPUTED_VALUE"""),"CHELLISSA") -> CHELLISSA | D7: =IFERROR(__xludf.DUMMYFUNCTION("""COMPUTED_VALUE"""),0.008504696196159943) -> 0.0085046962 | E7: =IFERROR(__xludf.DUMMYFUNCTION("""COMPUTED_VALUE"""),0.008607790175494375) -> 0.0086077902 | F7: =IFERROR(__xludf.DUMMYFUNCTION("""COMPUTED_VALUE"""),0.008272957777283875) -> 0.0082729578 | G7: =IFERROR(__xludf.DUMMYFUNCTION("""COMPUTED_VALUE"""),0.008489268723574103) -> 0.0084892687 | H7: =G7 -> 0.0084892687 | I7: =G7 -> 0.0084892687 | J7: =G7 -> 0.0084892687
A8: DAWN FISHERIES LLC | B8: =IFERROR(__xludf.DUMMYFUNCTION("""COMPUTED_VALUE"""),2165.0) -> 2165 | C8: =IFERROR(__xludf.DUMMYFUNCTION("""COMPUTED_VALUE"""),"DAWN") -> DAWN | D8: =IFERROR(__xludf.DUMMYFUNCTION("""COMPUTED_VALUE"""),0.02095199184296895) -> 0.020951992 | E8: =IFERROR(__xludf.DUMMYFUNCTION("""COMPUTED_VALUE"""),0.011085415880454821) -> 0.011085416 | F8: =IFERROR(__xludf.DUMMYFUNCTION("""COMPUTED_VALUE"""),0.01741954597184995) -> 0.017419546 | G8: =IFERROR(__xludf.DUMMYFUNCTION("""COMPUTED_VALUE"""),0.017756615587427874) -> 0.017756616 | H8: =G8 -> 0.017756616 | I8: =G8 -> 0.017756616 | J8: =G8 -> 0.017756616
A9: NORTH SEA FISHERIES, LLC | B9: =IFERROR(__xludf.DUMMYFUNCTION("""COMPUTED_VALUE"""),1841.0) -> 1841 | C9: =IFERROR(__xludf.DUMMYFUNCTION("""COMPUTED_VALUE"""),"MAR DEL NORTE") -> MAR DEL NORTE | D9: =IFERROR(__xludf.DUMMYFUNCTION("""COMPUTED_VALUE"""),0.02466034231650522) -> 0.024660342 | E9: =IFERROR(__xludf.DUMMYFUNCTION("""COMPUTED_VALUE"""),0.027573435759397233) -> 0.027573436 | F9: =IFERROR(__xludf.DUMMYFUNCTION("""COMPUTED_VALUE"""),0.02242762823351406) -> 0.022427628 | G9: =IFERROR(__xludf.DUMMYFUNCTION("""COMPUTED_VALUE"""),0.025008560845720826) -> 0.025008561 | H9: =G9 -> 0.025008561 | I9: =G9 -> 0.025008561 | J9: =G9 -> 0.025008561
A10: PK FISHERIES HOLDINGS, LLC | B10: =IFERROR(__xludf.DUMMYFUNCTION("""COMPUTED_VALUE"""),4851.0) -> 4851 | C10: =IFERROR(__xludf.DUMMYFUNCTION("""COMPUTED_VALUE"""),"PK FISH HOLDINGS") -> PK FISH HOLDINGS | D10: =IFERROR(__xludf.DUMMYFUNCTION("""COMPUTED_VALUE"""),0.018349069875728208) -> 0.01834907 | E10: =IFERROR(__xludf.DUMMYFUNCTION("""COMPUTED_VALUE"""),0.021917286322302696) -> 0.021917286 | F10: =IFERROR(__xludf.DUMMYFUNCTION("""COMPUTED_VALUE"""),0.013352679375327567) -> 0.013352679 | G10: =IFERROR(__xludf.DUMMYFUNCTION("""COMPUTED_VALUE"""),0.01836465639772984) -> 0.018364656 | H10: =G10 -> 0.018364656 | I10: =G10 -> 0.018364656 | J10: =G10 -> 0.018364656
A11: LAURA FISHERIES JOINT VENTURE | B11: =IFERROR(__xludf.DUMMYFUNCTION("""COMPUTED_VALUE"""),3665.0) -> 3665 | C11: =IFERROR(__xludf.DUMMYFUNCTION("""COMPUTED_VALUE"""),"EVIE GRACE") -> EVIE GRACE | D11: =IFERROR(__xludf.DUMMYFUNCTION("""COMPUTED_VALUE"""),0.04176786761364475) -> 0.041767868 | E11: =IFERROR(__xludf.DUMMYFUNCTION("""COMPUTED_VALUE"""),0.04670766726162351) -> 0.046707667 | F11: =IFERROR(__xludf.DUMMYFUNCTION("""COMPUTED_VALUE"""),0.03981633234206593) -> 0.039816332 | G11: =IFERROR(__xludf.DUMMYFUNCTION("""COMPUTED_VALUE"""),0.042691697181148465) -> 0.042691697 | H11: =G11 -> 0.042691697 | I11: =G11 -> 0.042691697 | J11: =G11 -> 0.042691697
A12: MiRoCo LLC | B12: =IFERROR(__xludf.DUMMYFUNCTION("""COMPUTED_VALUE"""),3496.0) -> 3496 | C12: =IFERROR(__xludf.DUMMYFUNCTION("""COMPUTED_VALUE"""),"MiRoCo") -> MiRoCo | D12: =IFERROR(__xludf.DUMMYFUNCTION("""COMPUTED_VALUE"""),0.016202912580615066) -> 0.016202913 | E12: =IFERROR(__xludf.DUMMYFUNCTION("""COMPUTED_VALUE"""),0.034475369918002895) -> 0.03447537 | F12: =IFERROR(__xludf.DUMMYFUNCTION("""COMPUTED_VALUE"""),0.03406132275876516) -> 0.034061323 | G12: =IFERROR(__xludf.DUMMYFUNCTION("""COMPUTED_VALUE"""),0.02417689320528312) -> 0.024176893 | H12: =G12 -> 0.024176893 | I12: =G12 -> 0.024176893 | J12: =G12 -> 0.024176893
A13: DAVID DAHL | B13: =IFERROR(__xludf.DUMMYFUNCTION("""COMPUTED_VALUE"""),2319.0) -> 2319 | C13: =IFERROR(__xludf.DUMMYFUNCTION("""COMPUTED_VALUE"""),"LAURA") -> LAURA | D13: =IFERROR(__xludf.DUMMYFUNCTION("""COMPUTED_VALUE"""),0.01618306266729302) -> 0.016183063 | E13: =IFERROR(__xludf.DUMMYFUNCTION("""COMPUTED_VALUE"""),0.0026471844422184107) -> 0.0026471844 | F13: =IFERROR(__xludf.DUMMYFUNCTION("""COMPUTED_VALUE"""),0.004751083840038805) -> 0.0047510838 | G13: =IFERROR(__xludf.DUMMYFUNCTION("""COMPUTED_VALUE"""),0.010602655098172804) -> 0.010602655 | H13: =G13 -> 0.010602655 | I13: =G13 -> 0.010602655 | J13: =G13 -> 0.010602655
A14: BERING NORTH, LLC | B14: =IFERROR(__xludf.DUMMYFUNCTION("""COMPUTED_VALUE"""),3600.0) -> 3600 | C14: =IFERROR(__xludf.DUMMYFUNCTION("""COMPUTED_VALUE"""),"HICKORY WIND") -> HICKORY WIND | D14: =IFERROR(__xludf.DUMMYFUNCTION("""COMPUTED_VALUE"""),0.013795589759258051) -> 0.01379559 | E14: =IFERROR(__xludf.DUMMYFUNCTION("""COMPUTED_VALUE"""),0.009792863789423758) -> 0.0097928638 | F14: =IFERROR(__xludf.DUMMYFUNCTION("""COMPUTED_VALUE"""),0.006973904653277672) -> 0.0069739047 | G14: =IFERROR(__xludf.DUMMYFUNCTION("""COMPUTED_VALUE"""),0.01152012002257678) -> 0.01152012 | H14: =G14 -> 0.01152012 | I14: =H14 -> 0.01152012 | J14: =I14 -> 0.01152012
A15: BERING NORTH, LLC | B15: =IFERROR(__xludf.DUMMYFUNCTION("""COMPUTED_VALUE"""),3896.0) -> 3896 | C15: =IFERROR(__xludf.DUMMYFUNCTION("""COMPUTED_VALUE"""),"AMERICAN EAGLE") -> AMERICAN EAGLE | D15: =IFERROR(__xludf.DUMMYFUNCTION("""COMPUTED_VALUE"""),0.032543957891383875) -> 0.032543958 | E15: =IFERROR(__xludf.DUMMYFUNCTION("""COMPUTED_VALUE"""),0.022553834178472787) -> 0.022553834 | F15: =IFERROR(__xludf.DUMMYFUNCTION("""COMPUTED_VALUE"""),0.02029666588167881) -> 0.020296666 | G15: =IFERROR(__xludf.DUMMYFUNCTION("""COMPUTED_VALUE"""),0.02773305588264028) -> 0.027733056 | H15: =G15 -> 0.027733056 | I15: =H15 -> 0.027733056 | J15: =I15 -> 0.027733056
A16: VANGUARD FISHERIES LLC | B16: =IFERROR(__xludf.DUMMYFUNCTION("""COMPUTED_VALUE"""),2565.0) -> 2565 | C16: =IFERROR(__xludf.DUMMYFUNCTION("""COMPUTED_VALUE"""),"VANGUARD") -> VANGUARD | D16: =IFERROR(__xludf.DUMMYFUNCTION("""COMPUTED_VALUE"""),0.039000329698560314) -> 0.03900033 | E16: =IFERROR(__xludf.DUMMYFUNCTION("""COMPUTED_VALUE"""),0.003971010860478525) -> 0.0039710109 | F16: =IFERROR(__xludf.DUMMYFUNCTION("""COMPUTED_VALUE"""),0.012261359799791661) -> 0.01226136 | G16: =IFERROR(__xludf.DUMMYFUNCTION("""COMPUTED_VALUE"""),0.025075951017574344) -> 0.025075951 | H16: =G16 -> 0.025075951 | I16: =H16 -> 0.025075951 | J16: =I16 -> 0.025075951
A17: Total LLPs | B17: =IFERROR(__xludf.DUMMYFUNCTION("""COMPUTED_VALUE"""),11.0) -> 11 | C17: =IFERROR(__xludf.DUMMYFUNCTION("""COMPUTED_VALUE"""),"TOTAL") -> TOTAL | D17: =IFERROR(__xludf.DUMMYFUNCTION("""COMPUTED_VALUE"""),0.26485049348617845) -> 0.26485049 | E17: =IFERROR(__xludf.DUMMYFUNCTION("""COMPUTED_VALUE"""),0.23449840050551995) -> 0.2344984 | F17: =IFERROR(__xludf.DUMMYFUNCTION("""COMPUTED_VALUE"""),0.2196787920006778) -> 0.21967879 | G17: =IFERROR(__xludf.DUMMYFUNCTION("""COMPUTED_VALUE"""),0.24878723566923097) -> 0.24878724 | H17: =G17 -> 0.24878724 | I17: =H17 -> 0.24878724 | J17: =I17 -> 0.24878724
A20: North Pacific
A21: MEMBER INFORMATION | D21: HARVEST ALLOCATIONS (% of CV POOL)
A22: Member | B22: LLP No. | C22: Vessel | D22: POP | E22: Northern | F22: Dusky | G22: Sablefish | H22: Pacific Cod | I22: Thornyhead | J22: Halibut PSC
A23: NICOLE FISHERIES LLC | B23: =IFERROR(__xludf.DUMMYFUNCTION("IMPORTRANGE(""https://docs.google.com/spreadsheets/d/1fpr4iXJjYPIWfqLVGaDLSDFHokxxaVbtvYkSxFtDSHM/edit#gid=1391174979"", ""'CV Coop LLP Primary Alloc'!A29:B40"")"),2487.0) -> 2487 | C23: =IFERROR(__xludf.DUMMYFUNCTION("""COMPUTED_VALUE"""),"NICHOLE") -> NICHOLE | D23: =IFERROR(__xludf.DUMMYFUNCTION("IMPORTRANGE(""https://docs.google.com/spreadsheets/d/1fpr4iXJjYPIWfqLVGaDLSDFHokxxaVbtvYkSxFtDSHM/edit#gid=1391174979"", ""'CV Coop LLP Primary Alloc'!P29:R40"")"),0.02243063538622548) -> 0.022430635 | E23: =IFERROR(__xludf.DUMMYFUNCTION("""COMPUTED_VALUE"""),0.028709364001966678) -> 0.028709364 | F23: =IFERROR(__xludf.DUMMYFUNCTION("""COMPUTED_VALUE"""),0.04209939998976728) -> 0.0420994 | G23: =IFERROR(__xludf.DUMMYFUNCTION("IMPORTRANGE(""https://docs.google.com/spreadsheets/d/1fpr4iXJjYPIWfqLVGaDLSDFHokxxaVbtvYkSxFtDSHM/edit#gid=1392452204"", ""'CV Secondary & PSC Alloc'!G40:G51"")"),0.02762955084492421) -> 0.027629551 | H23: =G23 -> 0.027629551 | I23: =H23 -> 0.027629551 | J23: =I23 -> 0.027629551
A24: MAGIC FISH CO. | B24: =IFERROR(__xludf.DUMMYFUNCTION("""COMPUTED_VALUE"""),1541.0) -> 1541 | C24: =IFERROR(__xludf.DUMMYFUNCTION("""COMPUTED_VALUE"""),"SEA MAC - MAGIC") -> SEA MAC - MAGIC | D24: =IFERROR(__xludf.DUMMYFUNCTION("""COMPUTED_VALUE"""),0.01852386911243821) -> 0.018523869 | E24: =IFERROR(__xludf.DUMMYFUNCTION("""COMPUTED_VALUE"""),0.0034961310990973176) -> 0.0034961311 | F24: =IFERROR(__xludf.DUMMYFUNCTION("""COMPUTED_VALUE"""),0.00406158088617346) -> 0.0040615809 | G24: =IFERROR(__xludf.DUMMYFUNCTION("""COMPUTED_VALUE"""),0.012006733571514898) -> 0.012006734 | H24: =G24 -> 0.012006734 | I24: =H24 -> 0.012006734 | J24: =I24 -> 0.012006734
A25: SEA MAC SEAFOODS, LLC | B25: =IFERROR(__xludf.DUMMYFUNCTION("""COMPUTED_VALUE"""),3785.0) -> 3785 | C25: =IFERROR(__xludf.DUMMYFUNCTION("""COMPUTED_VALUE"""),"SEA MAC ") -> SEA MAC | D25: =IFERROR(__xludf.DUMMYFUNCTION("""COMPUTED_VALUE"""),0.008504696196159943) -> 0.0085046962 | E25: =IFERROR(__xludf.DUMMYFUNCTION("""COMPUTED_VALUE"""),0.008607790175494375) -> 0.0086077902 | F25: =IFERROR(__xludf.DUMMYFUNCTION("""COMPUTED_VALUE"""),0.008272957777283875) -> 0.0082729578 | G25: =IFERROR(__xludf.DUMMYFUNCTION("""COMPUTED_VALUE"""),0.008489268723574103) -> 0.0084892687 | H25: =G25 -> 0.0084892687 | I25: =H25 -> 0.0084892687 | J25: =I25 -> 0.0084892687
A26: ALASKA DAWN SEAFOODS LLC | B26: =IFERROR(__xludf.DUMMYFUNCTION("""COMPUTED_VALUE"""),2653.0) -> 2653 | C26: =IFERROR(__xludf.DUMMYFUNCTION("""COMPUTED_VALUE"""),"SEA MAC 2653") -> SEA MAC 2653 | D26: =IFERROR(__xludf.DUMMYFUNCTION("""COMPUTED_VALUE"""),0.0032467524891807973) -> 0.0032467525 | E26: =IFERROR(__xludf.DUMMYFUNCTION("""COMPUTED_VALUE"""),8.395067101807375E-6) -> 8.3950671e-06 | F26: =IFERROR(__xludf.DUMMYFUNCTION("""COMPUTED_VALUE"""),3.904754373296673E-4) -> 0.00039047544 | G26: =IFERROR(__xludf.DUMMYFUNCTION("""COMPUTED_VALUE"""),0.0018896476471248814) -> 0.0018896476 | H26: =G26 -> 0.0018896476 | I26: =H26 -> 0.0018896476 | J26: =I26 -> 0.0018896476
A27: GOLDEN WEST FISHERIES, INC. | B27: =IFERROR(__xludf.DUMMYFUNCTION("""COMPUTED_VALUE"""),2973.0) -> 2973 | C27: =IFERROR(__xludf.DUMMYFUNCTION("""COMPUTED_VALUE"""),"CARAVELLE") -> CARAVELLE | D27: =IFERROR(__xludf.DUMMYFUNCTION("""COMPUTED_VALUE"""),0.021030124835121553) -> 0.021030125 | E27: =IFERROR(__xludf.DUMMYFUNCTION("""COMPUTED_VALUE"""),0.03141340430635956) -> 0.031413404 | F27: =IFERROR(__xludf.DUMMYFUNCTION("""COMPUTED_VALUE"""),0.03173976692891146) -> 0.031739767 | G27: =IFERROR(__xludf.DUMMYFUNCTION("""COMPUTED_VALUE"""),0.025663374743336645) -> 0.025663375 | H27: =G27 -> 0.025663375 | I27: =H27 -> 0.025663375 | J27: =I27 -> 0.025663375
A28: CHANDLER FISHERIES, INC. | B28: =IFERROR(__xludf.DUMMYFUNCTION("""COMPUTED_VALUE"""),2535.0) -> 2535 | C28: =IFERROR(__xludf.DUMMYFUNCTION("""COMPUTED_VALUE"""),"TOPAZ") -> TOPAZ | D28: =IFERROR(__xludf.DUMMYFUNCTION("""COMPUTED_VALUE"""),0.03303482241460879) -> 0.033034822 | E28: =IFERROR(__xludf.DUMMYFUNCTION("""COMPUTED_VALUE"""),0.048401128844679515) -> 0.048401129 | F28: =IFERROR(__xludf.DUMMYFUNCTION("""COMPUTED_VALUE"""),0.054415259055486664) -> 0.054415259 | G28: =IFERROR(__xludf.DUMMYFUNCTION("""COMPUTED_VALUE"""),0.04089665873336298) -> 0.040896659 | H28: =G28 -> 0.040896659 | I28: =H28 -> 0.040896659 | J28: =I28 -> 0.040896659
A29: ANTHEM SEAFOODS LLC | B29: =IFERROR(__xludf.DUMMYFUNCTION("""COMPUTED_VALUE"""),1590.0) -> 1590 | C29: =IFERROR(__xludf.DUMMYFUNCTION("""COMPUTED_VALUE"""),"ALASKA BEAUTY") -> ALASKA BEAUTY | D29: =IFERROR(__xludf.DUMMYFUNCTION("""COMPUTED_VALUE"""),0.01715115843994148) -> 0.017151158 | E29: =IFERROR(__xludf.DUMMYFUNCTION("""COMPUTED_VALUE"""),0.012128638081595295) -> 0.012128638 | F29: =IFERROR(__xludf.DUMMYFUNCTION("""COMPUTED_VALUE"""),0.01595365940760735) -> 0.015953659 | G29: =IFERROR(__xludf.DUMMYFUNCTION("""COMPUTED_VALUE"""),0.015633717939093104) -> 0.015633718 | H29: =G29 -> 0.015633718 | I29: =H29 -> 0.015633718 | J29: =I29 -> 0.015633718
A30: THOMAS TORMALA | B30: =IFERROR(__xludf.DUMMYFUNCTION("""COMPUTED_VALUE"""),2148.0) -> 2148 | C30: =IFERROR(__xludf.DUMMYFUNCTION("""COMPUTED_VALUE"""),"CAPT'N ART") -> CAPT'N ART | D30: =IFERROR(__xludf.DUMMYFUNCTION("""COMPUTED_VALUE"""),0.005621708785204971) -> 0.0056217088 | E30: =IFERROR(__xludf.DUMMYFUNCTION("""COMPUTED_VALUE"""),1.7053155619250776E-4) -> 0.00017053156 | F30: =IFERROR(__xludf.DUMMYFUNCTION("""COMPUTED_VALUE"""),2.670566665611235E-4) -> 0.00026705667 | G30: =IFERROR(__xludf.DUMMYFUNCTION("""COMPUTED_VALUE"""),0.0032379452974383707) -> 0.0032379453 | H30: =G30 -> 0.0032379453 | I30: =H30 -> 0.0032379453 | J30: =I30 -> 0.0032379453
A31: ENTERPRISE FISHERIES, LLC | B31: =IFERROR(__xludf.DUMMYFUNCTION("""COMPUTED_VALUE"""),1755.0) -> 1755 | C31: =IFERROR(__xludf.DUMMYFUNCTION("""COMPUTED_VALUE"""),"ENTERPRISE") -> ENTERPRISE | D31: =IFERROR(__xludf.DUMMYFUNCTION("""COMPUTED_VALUE"""),0.0027841211760041983) -> 0.0027841212 | E31: =IFERROR(__xludf.DUMMYFUNCTION("""COMPUTED_VALUE"""),0.002202570158800801) -> 0.0022025702 | F31: =IFERROR(__xludf.DUMMYFUNCTION("""COMPUTED_VALUE"""),0.0012083749668552605) -> 0.001208375 | G31: =IFERROR(__xludf.DUMMYFUNCTION("""COMPUTED_VALUE"""),0.0023472891102806733) -> 0.0023472891 | H31: =G31 -> 0.0023472891 | I31: =H31 -> 0.0023472891 | J31: =I31 -> 0.0023472891
A32: 3THIRTY3 LLC | B32: =IFERROR(__xludf.DUMMYFUNCTION("""COMPUTED_VALUE"""),3764.0) -> 3764 | C32: =IFERROR(__xludf.DUMMYFUNCTION("""COMPUTED_VALUE"""),"ALASKAN") -> ALASKAN | D32: =IFERROR(__xludf.DUMMYFUNCTION("""COMPUTED_VALUE"""),0.006682170821187414) -> 0.0066821708 | E32: =IFERROR(__xludf.DUMMYFUNCTION("""COMPUTED_VALUE"""),2.6777741931601894E-4) -> 0.00026777742 | F32: =IFERROR(__xludf.DUMMYFUNCTION("""COMPUTED_VALUE"""),9.572267489171094E-4) -> 0.00095722675 | G32: =IFERROR(__xludf.DUMMYFUNCTION("""COMPUTED_VALUE"""),0.003981838800937218) -> 0.0039818388 | H32: =G32 -> 0.0039818388 | I32: =H32 -> 0.0039818388 | J32: =I32 -> 0.0039818388
A33: LESLIE LEE, INC | B33: =IFERROR(__xludf.DUMMYFUNCTION("""COMPUTED_VALUE"""),1183.0) -> 1183 | C33: =IFERROR(__xludf.DUMMYFUNCTION("""COMPUTED_VALUE"""),"LESLIE LEE") -> LESLIE LEE | D33: =IFERROR(__xludf.DUMMYFUNCTION("""COMPUTED_VALUE"""),0.029228339036252875) -> 0.029228339 | E33: =IFERROR(__xludf.DUMMYFUNCTION("""COMPUTED_VALUE"""),0.008668357161752478) -> 0.0086683572 | F33: =IFERROR(__xludf.DUMMYFUNCTION("""COMPUTED_VALUE"""),0.00533081849840564) -> 0.0053308185 | G33: =IFERROR(__xludf.DUMMYFUNCTION("""COMPUTED_VALUE"""),0.01956498846800021) -> 0.019564988 | H33: =G33 -> 0.019564988 | I33: =H33 -> 0.019564988 | J33: =I33 -> 0.019564988
A34: Total LLPs | B34: =IFERROR(__xludf.DUMMYFUNCTION("""COMPUTED_VALUE"""),11.0) -> 11 | C34: =IFERROR(__xludf.DUMMYFUNCTION("""COMPUTED_VALUE"""),"TOTAL") -> TOTAL | D34: =IFERROR(__xludf.DUMMYFUNCTION("""COMPUTED_VALUE"""),0.1682383986923257) -> 0.1682384 | E34: =IFERROR(__xludf.DUMMYFUNCTION("""COMPUTED_VALUE"""),0.14407408787235634) -> 0.14407409 | F34: =IFERROR(__xludf.DUMMYFUNCTION("""COMPUTED_VALUE"""),0.16469657636329887) -> 0.16469658 | G34: =IFERROR(__xludf.DUMMYFUNCTION("""COMPUTED_VALUE"""),0.1613410138795873) -> 0.16134101 | H34: =G34 -> 0.16134101 | I34: =H34 -> 0.16134101 | J34: =I34 -> 0.16134101
H35: =G35 | I35: =H35 | J35: =I35
A37: OBI
A38: MEMBER INFORMATION | D38: HARVEST ALLOCATIONS (% of CV POOL)
A39: Member | B39: LLP No. | C39: Vessel | D39: POP | E39: Northern | F39: Dusky | G39: Sablefish | H39: Pacific Cod | I39: Thornyhead | J39: Halibut PSC
A40: NEW LIFE FISHERIES, INC | B40: =IFERROR(__xludf.DUMMYFUNCTION("IMPORTRANGE(""https://docs.google.com/spreadsheets/d/1fpr4iXJjYPIWfqLVGaDLSDFHokxxaVbtvYkSxFtDSHM/edit#gid=1391174979"", ""'CV Coop LLP Primary Alloc'!A48:B57"")"),1367.0) -> 1367 | C40: =IFERROR(__xludf.DUMMYFUNCTION("""COMPUTED_VALUE"""),"DOMINION") -> DOMINION | D40: =IFERROR(__xludf.DUMMYFUNCTION("IMPORTRANGE(""https://docs.google.com/spreadsheets/d/1fpr4iXJjYPIWfqLVGaDLSDFHokxxaVbtvYkSxFtDSHM/edit#gid=1391174979"", ""'CV Coop LLP Primary Alloc'!P48:R57"")"),0.01401117215121494) -> 0.014011172 | E40: =IFERROR(__xludf.DUMMYFUNCTION("""COMPUTED_VALUE"""),0.023741285794242166) -> 0.023741286 | F40: =IFERROR(__xludf.DUMMYFUNCTION("""COMPUTED_VALUE"""),0.024885637498491906) -> 0.024885637 | G40: =IFERROR(__xludf.DUMMYFUNCTION("IMPORTRANGE(""https://docs.google.com/spreadsheets/d/1fpr4iXJjYPIWfqLVGaDLSDFHokxxaVbtvYkSxFtDSHM/edit#gid=1392452204"", ""'CV Secondary & PSC Alloc'!G57:G66"")"),0.01850533000124197) -> 0.01850533 | H40: =$G$40 -> 0.01850533 | I40: =$G$40 -> 0.01850533 | J40: =$G$40 -> 0.01850533
A41: NEW LIFE FISHERIES, INC | B41: =IFERROR(__xludf.DUMMYFUNCTION("""COMPUTED_VALUE"""),5201.0) -> 5201 | C41: =IFERROR(__xludf.DUMMYFUNCTION("""COMPUTED_VALUE"""),"NEW LIFE") -> NEW LIFE | D41: =IFERROR(__xludf.DUMMYFUNCTION("""COMPUTED_VALUE"""),0.021649655463171144) -> 0.021649655 | E41: =IFERROR(__xludf.DUMMYFUNCTION("""COMPUTED_VALUE"""),0.02831684957704355) -> 0.02831685 | F41: =IFERROR(__xludf.DUMMYFUNCTION("""COMPUTED_VALUE"""),0.032924381857984665) -> 0.032924382 | G41: =IFERROR(__xludf.DUMMYFUNCTION("""COMPUTED_VALUE"""),0.025423849166416584) -> 0.025423849 | H41: =$G$41 -> 0.025423849 | I41: =$G$41 -> 0.025423849 | J41: =$G$41 -> 0.025423849
A42: MARATHON FISHERIES, INC. | B42: =IFERROR(__xludf.DUMMYFUNCTION("""COMPUTED_VALUE"""),4465.0) -> 4465 | C42: =IFERROR(__xludf.DUMMYFUNCTION("""COMPUTED_VALUE"""),"MARATHON") -> MARATHON | D42: =IFERROR(__xludf.DUMMYFUNCTION("""COMPUTED_VALUE"""),0.03162157858577351) -> 0.031621579 | E42: =IFERROR(__xludf.DUMMYFUNCTION("""COMPUTED_VALUE"""),0.036884285781919796) -> 0.036884286 | F42: =IFERROR(__xludf.DUMMYFUNCTION("""COMPUTED_VALUE"""),0.03767895529320528) -> 0.037678955 | G42: =IFERROR(__xludf.DUMMYFUNCTION("""COMPUTED_VALUE"""),0.03408425554379276) -> 0.034084256 | H42: =$G$42 -> 0.034084256 | I42: =$G$42 -> 0.034084256 | J42: =$G$42 -> 0.034084256
A43: BAY ISLANDER, INC. | B43: =IFERROR(__xludf.DUMMYFUNCTION("""COMPUTED_VALUE"""),3504.0) -> 3504 | C43: =IFERROR(__xludf.DUMMYFUNCTION("""COMPUTED_VALUE"""),"BAY ISLANDER") -> BAY ISLANDER | D43: =IFERROR(__xludf.DUMMYFUNCTION("""COMPUTED_VALUE"""),0.0) -> 0 | E43: =IFERROR(__xludf.DUMMYFUNCTION("""COMPUTED_VALUE"""),0.0060074451634577215) -> 0.0060074452 | F43: =IFERROR(__xludf.DUMMYFUNCTION("""COMPUTED_VALUE"""),0.002261052407510204) -> 0.0022610524 | G43: =IFERROR(__xludf.DUMMYFUNCTION("""COMPUTED_VALUE"""),0.0019655979653408627) -> 0.001965598 | H43: =$G$43 -> 0.001965598 | I43: =$G$43 -> 0.001965598 | J43: =$G$43 -> 0.001965598
A44: PAC STAR, INC. | B44: =IFERROR(__xludf.DUMMYFUNCTION("""COMPUTED_VALUE"""),4852.0) -> 4852 | C44: =IFERROR(__xludf.DUMMYFUNCTION("""COMPUTED_VALUE"""),"PACIFIC STAR") -> PACIFIC STAR | D44: =IFERROR(__xludf.DUMMYFUNCTION("""COMPUTED_VALUE"""),0.045726900325868576) -> 0.0457269 | E44: =IFERROR(__xludf.DUMMYFUNCTION("""COMPUTED_VALUE"""),0.061728423974956904) -> 0.061728424 | F44: =IFERROR(__xludf.DUMMYFUNCTION("""COMPUTED_VALUE"""),0.05353244279206411) -> 0.053532443 | G44: =IFERROR(__xludf.DUMMYFUNCTION("""COMPUTED_VALUE"""),0.05128647576974575) -> 0.051286476 | H44: =$G$44 -> 0.051286476 | I44: =$G$44 -> 0.051286476 | J44: =$G$44 -> 0.051286476
A45: DEFIANT FISHERIES, INC. | B45: =IFERROR(__xludf.DUMMYFUNCTION("""COMPUTED_VALUE"""),2603.0) -> 2603 | C45: =IFERROR(__xludf.DUMMYFUNCTION("""COMPUTED_VALUE"""),"TAASINGE") -> TAASINGE | D45: =IFERROR(__xludf.DUMMYFUNCTION("""COMPUTED_VALUE"""),0.020564326869106003) -> 0.020564327 | E45: =IFERROR(__xludf.DUMMYFUNCTION("""COMPUTED_VALUE"""),0.024360286879259552) -> 0.024360287 | F45: =IFERROR(__xludf.DUMMYFUNCTION("""COMPUTED_VALUE"""),0.03242855143670995) -> 0.032428551 | G45: =IFERROR(__xludf.DUMMYFUNCTION("""COMPUTED_VALUE"""),0.023702551064420166) -> 0.023702551 | H45: =$G$45 -> 0.023702551 | I45: =$G$45 -> 0.023702551 | J45: =$G$45 -> 0.023702551
A46: LOUGHBEG FISHERIES, INC | B46: =IFERROR(__xludf.DUMMYFUNCTION("""COMPUTED_VALUE"""),1619.0) -> 1619 | C46: =IFERROR(__xludf.DUMMYFUNCTION("""COMPUTED_VALUE"""),"STELLA") -> STELLA | D46: =IFERROR(__xludf.DUMMYFUNCTION("""COMPUTED_VALUE"""),0.025514105255073718) -> 0.025514105 | E46: =IFERROR(__xludf.DUMMYFUNCTION("""COMPUTED_VALUE"""),0.025823406556814033) -> 0.025823407 | F46: =IFERROR(__xludf.DUMMYFUNCTION("""COMPUTED_VALUE"""),0.024818924649427827) -> 0.024818925 | G46: =IFERROR(__xludf.DUMMYFUNCTION("""COMPUTED_VALUE"""),0.025467834145056826) -> 0.025467834 | H46: =$G$46 -> 0.025467834 | I46: =$G$46 -> 0.025467834 | J46: =$G$46 -> 0.025467834
A47: GREEN HOPE LLC | B47: =IFERROR(__xludf.DUMMYFUNCTION("""COMPUTED_VALUE"""),2188.0) -> 2188 | C47: =IFERROR(__xludf.DUMMYFUNCTION("""COMPUTED_VALUE"""),"GREEN HOPE") -> GREEN HOPE | D47: =IFERROR(__xludf.DUMMYFUNCTION("""COMPUTED_VALUE"""),0.00775873278686683) -> 0.0077587328 | E47: =IFERROR(__xludf.DUMMYFUNCTION("""COMPUTED_VALUE"""),0.008759766111268724) -> 0.0087597661 | F47: =IFERROR(__xludf.DUMMYFUNCTION("""COMPUTED_VALUE"""),0.018528056935413904) -> 0.018528057 | G47: =IFERROR(__xludf.DUMMYFUNCTION("""COMPUTED_VALUE"""),0.009974668587359608) -> 0.0099746686 | H47: =$G$47 -> 0.0099746686 | I47: =$G$47 -> 0.0099746686 | J47: =$G$47 -> 0.0099746686
A48: MARTIN FISHERIES, INC | B48: =IFERROR(__xludf.DUMMYFUNCTION("""COMPUTED_VALUE"""),2683.0) -> 2683 | C48: =IFERROR(__xludf.DUMMYFUNCTION("""COMPUTED_VALUE"""),"OCEAN HOPE 3") -> OCEAN HOPE 3 | D48: =IFERROR(__xludf.DUMMYFUNCTION("""COMPUTED_VALUE"""),0.040862954898430275) -> 0.040862955 | E48: =IFERROR(__xludf.DUMMYFUNCTION("""COMPUTED_VALUE"""),0.015648477138430764) -> 0.015648477 | F48: =IFERROR(__xludf.DUMMYFUNCTION("""COMPUTED_VALUE"""),0.015858773209207748) -> 0.015858773 | G48: =IFERROR(__xludf.DUMMYFUNCTION("""COMPUTED_VALUE"""),0.029793915781792617) -> 0.029793916 | H48: =$G$48 -> 0.029793916 | I48: =$G$48 -> 0.029793916 | J48: =$G$48 -> 0.029793916
A49: Total LLPs | B49: =IFERROR(__xludf.DUMMYFUNCTION("""COMPUTED_VALUE"""),9.0) -> 9 | C49: =IFERROR(__xludf.DUMMYFUNCTION("""COMPUTED_VALUE"""),"TOTAL") -> TOTAL | D49: =IFERROR(__xludf.DUMMYFUNCTION("""COMPUTED_VALUE"""),0.20770942633550502) -> 0.20770943 | E49: =IFERROR(__xludf.DUMMYFUNCTION("""COMPUTED_VALUE"""),0.2312702269773932) -> 0.23127023 | F49: =IFERROR(__xludf.DUMMYFUNCTION("""COMPUTED_VALUE"""),0.2429167760800156) -> 0.24291678 | G49: =IFERROR(__xludf.DUMMYFUNCTION("""COMPUTED_VALUE"""),0.22020447802516716) -> 0.22020448 | H49: =$G$49 -> 0.22020448 | I49: =$G$49 -> 0.22020448 | J49: =$G$49 -> 0.22020448
A52: SOK
A53: MEMBER INFORMATION | D53: HARVEST ALLOCATIONS (% of CV POOL)
A54: Member | B54: LLP No. | C54: Vessel | D54: POP | E54: Northern | F54: Dusky | G54: Sablefish | H54: Pacific Cod | I54: Thornyhead | J54: Halibut PSC
A55: OCEAN STORM FISHERIES, INC. | B55: =IFERROR(__xludf.DUMMYFUNCTION("IMPORTRANGE(""https://docs.google.com/spreadsheets/d/1fpr4iXJjYPIWfqLVGaDLSDFHokxxaVbtvYkSxFtDSHM/edit#gid=1391174979"", ""'CV Coop LLP Primary Alloc'!A65:B79"")"),3658.0) -> 3658 | C55: =IFERROR(__xludf.DUMMYFUNCTION("""COMPUTED_VALUE"""),"OCEAN STORM") -> OCEAN STORM | D55: =IFERROR(__xludf.DUMMYFUNCTION("IMPORTRANGE(""https://docs.google.com/spreadsheets/d/1fpr4iXJjYPIWfqLVGaDLSDFHokxxaVbtvYkSxFtDSHM/edit#gid=1391174979"", ""'CV Coop LLP Primary Alloc'!P65:R79"")"),0.005182594036006043) -> 0.005182594 | E55: =IFERROR(__xludf.DUMMYFUNCTION("""COMPUTED_VALUE"""),9.8723106690782E-5) -> 9.8723107e-05 | F55: =IFERROR(__xludf.DUMMYFUNCTION("""COMPUTED_VALUE"""),0.0037520332665161387) -> 0.0037520333 | G55: =IFERROR(__xludf.DUMMYFUNCTION("IMPORTRANGE(""https://docs.google.com/spreadsheets/d/1fpr4iXJjYPIWfqLVGaDLSDFHokxxaVbtvYkSxFtDSHM/edit#gid=1392452204"", ""'CV Secondary & PSC Alloc'!G72:G86"")"),0.0036069267697289016) -> 0.0036069268 | H55: =$G$55 -> 0.0036069268 | I55: =$G$55 -> 0.0036069268 | J55: =$G$55 -> 0.0036069268
A56: ROSELLA INC | B56: =IFERROR(__xludf.DUMMYFUNCTION("""COMPUTED_VALUE"""),2364.0) -> 2364 | C56: =IFERROR(__xludf.DUMMYFUNCTION("""COMPUTED_VALUE"""),"ROSELLA") -> ROSELLA | D56: =IFERROR(__xludf.DUMMYFUNCTION("""COMPUTED_VALUE"""),0.011348833776759175) -> 0.011348834 | E56: =IFERROR(__xludf.DUMMYFUNCTION("""COMPUTED_VALUE"""),0.010376843392797552) -> 0.010376843 | F56: =IFERROR(__xludf.DUMMYFUNCTION("""COMPUTED_VALUE"""),0.03064141684543572) -> 0.030641417 | G56: =IFERROR(__xludf.DUMMYFUNCTION("""COMPUTED_VALUE"""),0.014602882361666427) -> 0.014602882 | H56: =$G$56 -> 0.014602882 | I56: =$G$56 -> 0.014602882 | J56: =$G$56 -> 0.014602882
A57: EXCALIBUR II, LLC | B57: =IFERROR(__xludf.DUMMYFUNCTION("""COMPUTED_VALUE"""),3521.0) -> 3521 | C57: =IFERROR(__xludf.DUMMYFUNCTION("""COMPUTED_VALUE"""),"EXCALIBUR II") -> EXCALIBUR II | D57: =IFERROR(__xludf.DUMMYFUNCTION("""COMPUTED_VALUE"""),0.03026758449821436) -> 0.030267584 | E57: =IFERROR(__xludf.DUMMYFUNCTION("""COMPUTED_VALUE"""),0.025772964093541368) -> 0.025772964 | F57: =IFERROR(__xludf.DUMMYFUNCTION("""COMPUTED_VALUE"""),0.0191022492955508) -> 0.019102249 | G57: =IFERROR(__xludf.DUMMYFUNCTION("""COMPUTED_VALUE"""),0.027075537799354402) -> 0.027075538 | H57: =$G$57 -> 0.027075538 | I57: =$G$57 -> 0.027075538 | J57: =$G$57 -> 0.027075538
A58: TRIDENT SEAFOODS CORP. | B58: =IFERROR(__xludf.DUMMYFUNCTION("""COMPUTED_VALUE"""),2567.0) -> 2567 | C58: =IFERROR(__xludf.DUMMYFUNCTION("""COMPUTED_VALUE"""),"ARCTIC RAM") -> ARCTIC RAM | D58: =IFERROR(__xludf.DUMMYFUNCTION("""COMPUTED_VALUE"""),0.01228991300071323) -> 0.012289913 | E58: =IFERROR(__xludf.DUMMYFUNCTION("""COMPUTED_VALUE"""),0.01715054560369792) -> 0.017150546 | F58: =IFERROR(__xludf.DUMMYFUNCTION("""COMPUTED_VALUE"""),0.0205075298022975) -> 0.02050753 | G58: =IFERROR(__xludf.DUMMYFUNCTION("""COMPUTED_VALUE"""),0.015041063012775963) -> 0.015041063 | H58: =$G$58 -> 0.015041063 | I58: =$G$58 -> 0.015041063 | J58: =$G$58 -> 0.015041063
A59: JJL FISHERIES LLC | B59: =IFERROR(__xludf.DUMMYFUNCTION("""COMPUTED_VALUE"""),2278.0) -> 2278 | C59: =IFERROR(__xludf.DUMMYFUNCTION("""COMPUTED_VALUE"""),"MARCY J") -> MARCY J | D59: =IFERROR(__xludf.DUMMYFUNCTION("""COMPUTED_VALUE"""),0.02379936274278269) -> 0.023799363 | E59: =IFERROR(__xludf.DUMMYFUNCTION("""COMPUTED_VALUE"""),0.03658908928078199) -> 0.036589089 | F59: =IFERROR(__xludf.DUMMYFUNCTION("""COMPUTED_VALUE"""),0.059937646065858614) -> 0.059937646 | G59: =IFERROR(__xludf.DUMMYFUNCTION("""COMPUTED_VALUE"""),0.03367597945628281) -> 0.033675979 | H59: =$G$59 -> 0.033675979 | I59: =$G$59 -> 0.033675979 | J59: =$G$59 -> 0.033675979
A60: ROYAL VIKING, INC. | B60: =IFERROR(__xludf.DUMMYFUNCTION("""COMPUTED_VALUE"""),2636.0) -> 2636 | C60: =IFERROR(__xludf.DUMMYFUNCTION("""COMPUTED_VALUE"""),"CAPE KIWANDA") -> CAPE KIWANDA | D60: =IFERROR(__xludf.DUMMYFUNCTION("""COMPUTED_VALUE"""),0.020407260888294122) -> 0.020407261 | E60: =IFERROR(__xludf.DUMMYFUNCTION("""COMPUTED_VALUE"""),0.028322001914363543) -> 0.028322002 | F60: =IFERROR(__xludf.DUMMYFUNCTION("""COMPUTED_VALUE"""),0.025743923960489367) -> 0.025743924 | G60: =IFERROR(__xludf.DUMMYFUNCTION("""COMPUTED_VALUE"""),0.023425334734126377) -> 0.023425335 | H60: =$G$60 -> 0.023425335 | I60: =$G$60 -> 0.023425335 | J60: =$G$60 -> 0.023425335
A61: TRIDENT SEAFOODS CORP. | B61: =IFERROR(__xludf.DUMMYFUNCTION("""COMPUTED_VALUE"""),3144.0) -> 3144 | C61: =IFERROR(__xludf.DUMMYFUNCTION("""COMPUTED_VALUE"""),"PACIFIC RAM") -> PACIFIC RAM | D61: =IFERROR(__xludf.DUMMYFUNCTION("""COMPUTED_VALUE"""),0.0036147842154422593) -> 0.0036147842 | E61: =IFERROR(__xludf.DUMMYFUNCTION("""COMPUTED_VALUE"""),8.466046853698193E-4) -> 0.00084660469 | F61: =IFERROR(__xludf.DUMMYFUNCTION("""COMPUTED_VALUE"""),0.003335591135627684) -> 0.0033355911 | G61: =IFERROR(__xludf.DUMMYFUNCTION("""COMPUTED_VALUE"""),0.0028476380574670597) -> 0.0028476381 | H61: =$G$61 -> 0.0028476381 | I61: =$G$61 -> 0.0028476381 | J61: =$G$61 -> 0.0028476381
A62: TRAVELER FISHERIES LLC | B62: =IFERROR(__xludf.DUMMYFUNCTION("""COMPUTED_VALUE"""),3463.0) -> 3463 | C62: =IFERROR(__xludf.DUMMYFUNCTION("""COMPUTED_VALUE"""),"TRAVELER") -> TRAVELER | D62: =IFERROR(__xludf.DUMMYFUNCTION("""COMPUTED_VALUE"""),0.025463422143056642) -> 0.025463422 | E62: =IFERROR(__xludf.DUMMYFUNCTION("""COMPUTED_VALUE"""),0.002666136396276568) -> 0.0026661364 | F62: =IFERROR(__xludf.DUMMYFUNCTION("""COMPUTED_VALUE"""),6.521950759656647E-4) -> 0.00065219508 | G62: =IFERROR(__xludf.DUMMYFUNCTION("""COMPUTED_VALUE"""),0.015055022205700373) -> 0.015055022 | H62: =$G$62 -> 0.015055022 | I62: =$G$62 -> 0.015055022 | J62: =$G$62 -> 0.015055022
A63: B & N FISHERIES COMPANY | B63: =IFERROR(__xludf.DUMMYFUNCTION("""COMPUTED_VALUE"""),3594.0) -> 3594 | C63: =IFERROR(__xludf.DUMMYFUNCTION("""COMPUTED_VALUE"""),"ARCTIC WIND") -> ARCTIC WIND | D63: =IFERROR(__xludf.DUMMYFUNCTION("""COMPUTED_VALUE"""),0.06034333650076395) -> 0.060343336 | E63: =IFERROR(__xludf.DUMMYFUNCTION("""COMPUTED_VALUE"""),0.06872659514742062) -> 0.068726595 | F63: =IFERROR(__xludf.DUMMYFUNCTION("""COMPUTED_VALUE"""),0.051884532785028976) -> 0.051884533 | G63: =IFERROR(__xludf.DUMMYFUNCTION("""COMPUTED_VALUE"""),0.060975927367139464) -> 0.060975927 | H63: =$G$63 -> 0.060975927 | I63: =$G$63 -> 0.060975927 | J63: =$G$63 -> 0.060975927
A64: BLACK SEA FISHERIES, INC. | B64: =IFERROR(__xludf.DUMMYFUNCTION("""COMPUTED_VALUE"""),2550.0) -> 2550 | C64: =IFERROR(__xludf.DUMMYFUNCTION("""COMPUTED_VALUE"""),"MICHELLE RENEE") -> MICHELLE RENEE | D64: =IFERROR(__xludf.DUMMYFUNCTION("""COMPUTED_VALUE"""),0.04396457468802386) -> 0.043964575 | E64: =IFERROR(__xludf.DUMMYFUNCTION("""COMPUTED_VALUE"""),0.1289076245008268) -> 0.12890762 | F64: =IFERROR(__xludf.DUMMYFUNCTION("""COMPUTED_VALUE"""),0.09333733131463673) -> 0.093337331 | G64: =IFERROR(__xludf.DUMMYFUNCTION("""COMPUTED_VALUE"""),0.07491952926244538) -> 0.074919529 | H64: =$G$64 -> 0.074919529 | I64: =$G$64 -> 0.074919529 | J64: =$G$64 -> 0.074919529
A65: PACIFIC STORM FISHERIES, LLC. | B65: =IFERROR(__xludf.DUMMYFUNCTION("""COMPUTED_VALUE"""),2882.0) -> 2882 | C65: =IFERROR(__xludf.DUMMYFUNCTION("""COMPUTED_VALUE"""),"PACIFIC STORM") -> PACIFIC STORM | D65: =IFERROR(__xludf.DUMMYFUNCTION("""COMPUTED_VALUE"""),1.6666593889206684E-6) -> 1.6666594e-06 | E65: =IFERROR(__xludf.DUMMYFUNCTION("""COMPUTED_VALUE"""),3.603033090904453E-6) -> 3.6030331e-06 | F65: =IFERROR(__xludf.DUMMYFUNCTION("""COMPUTED_VALUE"""),5.131757620313672E-6) -> 5.1317576e-06 | G65: =IFERROR(__xludf.DUMMYFUNCTION("""COMPUTED_VALUE"""),2.79743345178568E-6) -> 2.7974335e-06 | H65: =$G$65 -> 2.7974335e-06 | I65: =$G$65 -> 2.7974335e-06 | J65: =$G$65 -> 2.7974335e-06
A66: ELIZABETH F, INC. | B66: =IFERROR(__xludf.DUMMYFUNCTION("""COMPUTED_VALUE"""),1271.0) -> 1271 | C66: =IFERROR(__xludf.DUMMYFUNCTION("""COMPUTED_VALUE"""),"WALTER N") -> WALTER N | D66: =IFERROR(__xludf.DUMMYFUNCTION("""COMPUTED_VALUE"""),0.03695457196503575) -> 0.036954572 | E66: =IFERROR(__xludf.DUMMYFUNCTION("""COMPUTED_VALUE"""),0.010011279655394386) -> 0.01001128 | F66: =IFERROR(__xludf.DUMMYFUNCTION("""COMPUTED_VALUE"""),0.016909859805000396) -> 0.01690986 | G66: =IFERROR(__xludf.DUMMYFUNCTION("""COMPUTED_VALUE"""),0.02633928128917893) -> 0.026339281 | H66: =G66 -> 0.026339281 | I66: =H66 -> 0.026339281 | J66: =I66 -> 0.026339281
A67: ELIZABETH F, INC. | B67: =IFERROR(__xludf.DUMMYFUNCTION("""COMPUTED_VALUE"""),1273.0) -> 1273 | C67: =IFERROR(__xludf.DUMMYFUNCTION("""COMPUTED_VALUE"""),"ELIZABETH F") -> ELIZABETH F | D67: =IFERROR(__xludf.DUMMYFUNCTION("""COMPUTED_VALUE"""),0.02936628843387384) -> 0.029366288 | E67: =IFERROR(__xludf.DUMMYFUNCTION("""COMPUTED_VALUE"""),0.003039951079457905) -> 0.0030399511 | F67: =IFERROR(__xludf.DUMMYFUNCTION("""COMPUTED_VALUE"""),0.012822876718606383) -> 0.012822877 | G67: =IFERROR(__xludf.DUMMYFUNCTION("""COMPUTED_VALUE"""),0.019546879748788985) -> 0.01954688 | H67: =G67 -> 0.01954688 | I67: =H67 -> 0.01954688 | J67: =I67 -> 0.01954688
A68: F/V GOLD RUSH FISHERIES LLC | B68: =IFERROR(__xludf.DUMMYFUNCTION("""COMPUTED_VALUE"""),3987.0) -> 3987 | C68: =IFERROR(__xludf.DUMMYFUNCTION("""COMPUTED_VALUE"""),"GOLD RUSH") -> GOLD RUSH | D68: =IFERROR(__xludf.DUMMYFUNCTION("""COMPUTED_VALUE"""),0.03765125225619848) -> 0.037651252 | E68: =IFERROR(__xludf.DUMMYFUNCTION("""COMPUTED_VALUE"""),0.030881092197509338) -> 0.030881092 | F68: =IFERROR(__xludf.DUMMYFUNCTION("""COMPUTED_VALUE"""),0.01866748678995783) -> 0.018667487 | G68: =IFERROR(__xludf.DUMMYFUNCTION("""COMPUTED_VALUE"""),0.03244962193013266) -> 0.032449622 | H68: =G68 -> 0.032449622 | I68: =H68 -> 0.032449622 | J68: =I68 -> 0.032449622
A69: COLLIER BROTHERS LLC | B69: =IFERROR(__xludf.DUMMYFUNCTION("""COMPUTED_VALUE"""),1523.0) -> 1523 | C69: =IFERROR(__xludf.DUMMYFUNCTION("""COMPUTED_VALUE"""),"COLLIER BROTHERS") -> COLLIER BROTHERS | D69: =IFERROR(__xludf.DUMMYFUNCTION("""COMPUTED_VALUE"""),0.018546235681437526) -> 0.018546236 | E69: =IFERROR(__xludf.DUMMYFUNCTION("""COMPUTED_VALUE"""),0.026764230557511003) -> 0.026764231 | F69: =IFERROR(__xludf.DUMMYFUNCTION("""COMPUTED_VALUE"""),0.015408050937415598) -> 0.015408051 | G69: =IFERROR(__xludf.DUMMYFUNCTION("""COMPUTED_VALUE"""),0.02010285099777504) -> 0.020102851 | H69: =G69 -> 0.020102851 | I69: =H69 -> 0.020102851 | J69: =I69 -> 0.020102851
A70: Total LLPs | B70: 15 | C70: TOTAL | D70: =SUM(D55:D69) -> 0.35920168 | E70: =SUM(E55:E69) -> 0.39015728 | F70: =SUM(F55:F69) -> 0.37270786 | G70: =SUM(G55:G69) -> 0.36966727 | H70: =SUM(H55:H69) -> 0.36966727 | I70: =SUM(I55:I69) -> 0.36966727 | J70: =SUM(J55:J69) -> 0.36966727
H73: =$G$73 | I73: =$G$73 | J73: =$G$73
H74: =$G$74 | I74: =$G$74 | J74: =$G$74

Sheet Process Agmt 3.2
A1: Processor Agreement Schedule 3.2 | G1: These tables are compiled via links from combined sections of tables in the CV Coop LLP Primary Alloc and the CV Secondary & PSC Alloc tabs. They should automatically update each year after LLP movements between coops are made. This is the source for Schedule 3.2 of each coop's Processor Agreement, which must be signed prior to the season start. Note Member column is hand typed, refer to Membership Sheet but they are not necessarily listed in same order. Leave order the same in this spreadsheet. Everything should be double checked each year to make sure it's still linking to current spreadsheet and that members are still lined up with the appropriate vessel, LLP No and TAC.
A3: Silver Bay Seafoods
A4: MEMBER INFORMATION | D4: QUOTA ALLOCATIONS IN POUNDS | L4: Updated for 2025 on 2/12/25
A5: Member | B5: LLP No. | C5: Vessel | D5: POP | E5: Northern | F5: Dusky | G5: Sablefish | H5: P. Cod | I5: Thorny | J5: Halibut PSC
A6: MAR PACIFICO, INC | B6: =IFERROR(__xludf.DUMMYFUNCTION("IMPORTRANGE(""https://docs.google.com/spreadsheets/d/1fpr4iXJjYPIWfqLVGaDLSDFHokxxaVbtvYkSxFtDSHM/edit#gid=1391174979"", ""'CV Coop LLP Primary Alloc'!A10:B20"")"),2696.0) -> 2696 | C6: =IFERROR(__xludf.DUMMYFUNCTION("""COMPUTED_VALUE"""),"MAR PACIFICO") -> MAR PACIFICO | D6: =IFERROR(__xludf.DUMMYFUNCTION("IMPORTRANGE(""https://docs.google.com/spreadsheets/d/1fpr4iXJjYPIWfqLVGaDLSDFHokxxaVbtvYkSxFtDSHM/edit#gid=1391174979"", ""'CV Coop LLP Primary Alloc'!K10:M20"")"),1073609.564757818) -> 1073609.6 | E6: =IFERROR(__xludf.DUMMYFUNCTION("""COMPUTED_VALUE"""),201382.67509241423) -> 201382.68 | F6: =IFERROR(__xludf.DUMMYFUNCTION("""COMPUTED_VALUE"""),303374.0256744757) -> 303374.03 | G6: =IFERROR(__xludf.DUMMYFUNCTION("IMPORTRANGE(""https://docs.google.com/spreadsheets/d/1fpr4iXJjYPIWfqLVGaDLSDFHokxxaVbtvYkSxFtDSHM/edit#gid=1392452204"", ""'CV Secondary & PSC Alloc'!H23:K33"")"),30870.949421777386) -> 30870.949 | H6: =IFERROR(__xludf.DUMMYFUNCTION("""COMPUTED_VALUE"""),45346.20963883593) -> 45346.21 | I6: =IFERROR(__xludf.DUMMYFUNCTION("""COMPUTED_VALUE"""),3810.648600497891) -> 3810.6486 | J6: =IFERROR(__xludf.DUMMYFUNCTION("""COMPUTED_VALUE"""),9666.46446214375) -> 9666.4645
A7: CHELLISSA FISHERIES, LLC | B7: =IFERROR(__xludf.DUMMYFUNCTION("""COMPUTED_VALUE"""),1554.0) -> 1554 | C7: =IFERROR(__xludf.DUMMYFUNCTION("""COMPUTED_VALUE"""),"CHELLISSA") -> CHELLISSA | D7: =IFERROR(__xludf.DUMMYFUNCTION("""COMPUTED_VALUE"""),277608.28029651556) -> 277608.28 | E7: =IFERROR(__xludf.DUMMYFUNCTION("""COMPUTED_VALUE"""),38379.29003588003) -> 38379.29 | F7: =IFERROR(__xludf.DUMMYFUNCTION("""COMPUTED_VALUE"""),62674.01649403903) -> 62674.016 | G7: =IFERROR(__xludf.DUMMYFUNCTION("""COMPUTED_VALUE"""),7013.312369243585) -> 7013.3124 | H7: =IFERROR(__xludf.DUMMYFUNCTION("""COMPUTED_VALUE"""),10301.825467473762) -> 10301.825 | I7: =IFERROR(__xludf.DUMMYFUNCTION("""COMPUTED_VALUE"""),865.7093307878548) -> 865.70933 | J7: =IFERROR(__xludf.DUMMYFUNCTION("""COMPUTED_VALUE"""),2196.0430776833255) -> 2196.0431
A8: DAWN FISHERIES LLC | B8: =IFERROR(__xludf.DUMMYFUNCTION("""COMPUTED_VALUE"""),2165.0) -> 2165 | C8: =IFERROR(__xludf.DUMMYFUNCTION("""COMPUTED_VALUE"""),"DAWN") -> DAWN | D8: =IFERROR(__xludf.DUMMYFUNCTION("""COMPUTED_VALUE"""),683909.9587048724) -> 683909.96 | E8: =IFERROR(__xludf.DUMMYFUNCTION("""COMPUTED_VALUE"""),49426.20377243232) -> 49426.204 | F8: =IFERROR(__xludf.DUMMYFUNCTION("""COMPUTED_VALUE"""),131966.45516022836) -> 131966.46 | G8: =IFERROR(__xludf.DUMMYFUNCTION("""COMPUTED_VALUE"""),14669.42510482591) -> 14669.425 | H8: =IFERROR(__xludf.DUMMYFUNCTION("""COMPUTED_VALUE"""),21547.857728514897) -> 21547.858 | I8: =IFERROR(__xludf.DUMMYFUNCTION("""COMPUTED_VALUE"""),1810.764660395568) -> 1810.7647 | J8: =IFERROR(__xludf.DUMMYFUNCTION("""COMPUTED_VALUE"""),4593.362987270082) -> 4593.363
A9: NORTH SEA FISHERIES, LLC | B9: =IFERROR(__xludf.DUMMYFUNCTION("""COMPUTED_VALUE"""),1841.0) -> 1841 | C9: =IFERROR(__xludf.DUMMYFUNCTION("""COMPUTED_VALUE"""),"MAR DEL NORTE") -> MAR DEL NORTE | D9: =IFERROR(__xludf.DUMMYFUNCTION("""COMPUTED_VALUE"""),804957.0571491413) -> 804957.06 | E9: =IFERROR(__xludf.DUMMYFUNCTION("""COMPUTED_VALUE"""),122940.8322833373) -> 122940.83 | F9: =IFERROR(__xludf.DUMMYFUNCTION("""COMPUTED_VALUE"""),169906.52916047192) -> 169906.53 | G9: =IFERROR(__xludf.DUMMYFUNCTION("""COMPUTED_VALUE"""),20660.53682918778) -> 20660.537 | H9: =IFERROR(__xludf.DUMMYFUNCTION("""COMPUTED_VALUE"""),30348.176905966342) -> 30348.177 | I9: =IFERROR(__xludf.DUMMYFUNCTION("""COMPUTED_VALUE"""),2550.2955765312736) -> 2550.2956 | J9: =IFERROR(__xludf.DUMMYFUNCTION("""COMPUTED_VALUE"""),6469.3295401945325) -> 6469.3295
A10: PK FISH HOLDINGS, LLC | B10: =IFERROR(__xludf.DUMMYFUNCTION("""COMPUTED_VALUE"""),4851.0) -> 4851 | C10: =IFERROR(__xludf.DUMMYFUNCTION("""COMPUTED_VALUE"""),"PK FISH HOLDINGS") -> PK FISH HOLDINGS | D10: =IFERROR(__xludf.DUMMYFUNCTION("""COMPUTED_VALUE"""),598945.9959241687) -> 598946 | E10: =IFERROR(__xludf.DUMMYFUNCTION("""COMPUTED_VALUE"""),97721.93227453646) -> 97721.932 | F10: =IFERROR(__xludf.DUMMYFUNCTION("""COMPUTED_VALUE"""),101156.81355304213) -> 101156.81 | G10: =IFERROR(__xludf.DUMMYFUNCTION("""COMPUTED_VALUE"""),15171.751073616811) -> 15171.751 | H10: =IFERROR(__xludf.DUMMYFUNCTION("""COMPUTED_VALUE"""),22285.722261821244) -> 22285.722 | I10: =IFERROR(__xludf.DUMMYFUNCTION("""COMPUTED_VALUE"""),1872.7707789575213) -> 1872.7708 | J10: =IFERROR(__xludf.DUMMYFUNCTION("""COMPUTED_VALUE"""),4750.653780610692) -> 4750.6538
A11: LAURA FISHERIES JOINT VENTURE | B11: =IFERROR(__xludf.DUMMYFUNCTION("""COMPUTED_VALUE"""),3665.0) -> 3665 | C11: =IFERROR(__xludf.DUMMYFUNCTION("""COMPUTED_VALUE"""),"EVIE GRACE") -> EVIE GRACE | D11: =IFERROR(__xludf.DUMMYFUNCTION("""COMPUTED_VALUE"""),1363376.8487946566) -> 1363376.8 | E11: =IFERROR(__xludf.DUMMYFUNCTION("""COMPUTED_VALUE"""),208254.04339392736) -> 208254.04 | F11: =IFERROR(__xludf.DUMMYFUNCTION("""COMPUTED_VALUE"""),301639.3334909621) -> 301639.33 | G11: =IFERROR(__xludf.DUMMYFUNCTION("""COMPUTED_VALUE"""),35269.25788944682) -> 35269.258 | H11: =IFERROR(__xludf.DUMMYFUNCTION("""COMPUTED_VALUE"""),51806.866715048454) -> 51806.867 | I11: =IFERROR(__xludf.DUMMYFUNCTION("""COMPUTED_VALUE"""),4353.567050393675) -> 4353.567 | J11: =IFERROR(__xludf.DUMMYFUNCTION("""COMPUTED_VALUE"""),11043.684576607744) -> 11043.685
A12: MiRoCo LLC | B12: =IFERROR(__xludf.DUMMYFUNCTION("""COMPUTED_VALUE"""),3496.0) -> 3496 | C12: =IFERROR(__xludf.DUMMYFUNCTION("""COMPUTED_VALUE"""),"MiRoCo") -> MiRoCo | D12: =IFERROR(__xludf.DUMMYFUNCTION("""COMPUTED_VALUE"""),528891.6374614651) -> 528891.64 | E12: =IFERROR(__xludf.DUMMYFUNCTION("""COMPUTED_VALUE"""),153714.27441902002) -> 153714.27 | F12: =IFERROR(__xludf.DUMMYFUNCTION("""COMPUTED_VALUE"""),258040.71069398173) -> 258040.71 | G12: =IFERROR(__xludf.DUMMYFUNCTION("""COMPUTED_VALUE"""),19973.46410953358) -> 19973.464 | H12: =IFERROR(__xludf.DUMMYFUNCTION("""COMPUTED_VALUE"""),29338.93863613244) -> 29338.939 | I12: =IFERROR(__xludf.DUMMYFUNCTION("""COMPUTED_VALUE"""),2465.4846864669853) -> 2465.4847 | J12: =IFERROR(__xludf.DUMMYFUNCTION("""COMPUTED_VALUE"""),6254.189929918711) -> 6254.1899
A13: DAVID DAHL | B13: =IFERROR(__xludf.DUMMYFUNCTION("""COMPUTED_VALUE"""),2319.0) -> 2319 | C13: =IFERROR(__xludf.DUMMYFUNCTION("""COMPUTED_VALUE"""),"LAURA") -> LAURA | D13: =IFERROR(__xludf.DUMMYFUNCTION("""COMPUTED_VALUE"""),528243.7012889942) -> 528243.7 | E13: =IFERROR(__xludf.DUMMYFUNCTION("""COMPUTED_VALUE"""),11802.920077630102) -> 11802.92 | F13: =IFERROR(__xludf.DUMMYFUNCTION("""COMPUTED_VALUE"""),35993.113342458775) -> 35993.113 | G13: =IFERROR(__xludf.DUMMYFUNCTION("""COMPUTED_VALUE"""),8759.262377965151) -> 8759.2624 | H13: =IFERROR(__xludf.DUMMYFUNCTION("""COMPUTED_VALUE"""),12866.4441979416) -> 12866.444 | I13: =IFERROR(__xludf.DUMMYFUNCTION("""COMPUTED_VALUE"""),1081.22592752008) -> 1081.2259 | J13: =IFERROR(__xludf.DUMMYFUNCTION("""COMPUTED_VALUE"""),2742.743585056801) -> 2742.7436
A14: BERING NORTH, LLC | B14: =IFERROR(__xludf.DUMMYFUNCTION("""COMPUTED_VALUE"""),3600.0) -> 3600 | C14: =IFERROR(__xludf.DUMMYFUNCTION("""COMPUTED_VALUE"""),"HICKORY WIND") -> HICKORY WIND | D14: =IFERROR(__xludf.DUMMYFUNCTION("""COMPUTED_VALUE"""),450312.3757052102) -> 450312.38 | E14: =IFERROR(__xludf.DUMMYFUNCTION("""COMPUTED_VALUE"""),43663.14140952857) -> 43663.141 | F14: =IFERROR(__xludf.DUMMYFUNCTION("""COMPUTED_VALUE"""),52832.690197879936) -> 52832.69 | G14: =IFERROR(__xludf.DUMMYFUNCTION("""COMPUTED_VALUE"""),9517.215543566033) -> 9517.2155 | H14: =IFERROR(__xludf.DUMMYFUNCTION("""COMPUTED_VALUE"""),13979.798461011686) -> 13979.798 | I14: =IFERROR(__xludf.DUMMYFUNCTION("""COMPUTED_VALUE"""),1174.7861588650364) -> 1174.7862 | J14: =IFERROR(__xludf.DUMMYFUNCTION("""COMPUTED_VALUE"""),2980.077631352175) -> 2980.0776 | L14: Coop | M14: POP | N14: SABLE | O14: COD | P14: TOTAL | Q14: % of whole
A15: BERING NORTH, LLC | B15: =IFERROR(__xludf.DUMMYFUNCTION("""COMPUTED_VALUE"""),3896.0) -> 3896 | C15: =IFERROR(__xludf.DUMMYFUNCTION("""COMPUTED_VALUE"""),"AMERICAN EAGLE") -> AMERICAN EAGLE | D15: =IFERROR(__xludf.DUMMYFUNCTION("""COMPUTED_VALUE"""),1062292.17080659) -> 1062292.2 | E15: =IFERROR(__xludf.DUMMYFUNCTION("""COMPUTED_VALUE"""),100560.0886765385) -> 100560.09 | F15: =IFERROR(__xludf.DUMMYFUNCTION("""COMPUTED_VALUE"""),153762.85078297305) -> 153762.85 | G15: =IFERROR(__xludf.DUMMYFUNCTION("""COMPUTED_VALUE"""),22911.347277596502) -> 22911.347 | H15: =IFERROR(__xludf.DUMMYFUNCTION("""COMPUTED_VALUE"""),33654.3830435341) -> 33654.383 | I15: =IFERROR(__xludf.DUMMYFUNCTION("""COMPUTED_VALUE"""),2828.1311418723317) -> 2828.1311 | J15: =IFERROR(__xludf.DUMMYFUNCTION("""COMPUTED_VALUE"""),7174.114446978655) -> 7174.1144 | L15: SBS | M15: =D17 -> 8645187.1 | N15: =G17 -> 205532.73 | O15: =H17 -> 301906.18 | P15: =SUM(M15:O15) -> 9152626 | Q15: =P15/$P$21 -> 0.2639058
A16: VANGUARD FISHERIES LLC | B16: =IFERROR(__xludf.DUMMYFUNCTION("""COMPUTED_VALUE"""),2565.0) -> 2565 | C16: =IFERROR(__xludf.DUMMYFUNCTION("""COMPUTED_VALUE"""),"VANGUARD") -> VANGUARD | D16: =IFERROR(__xludf.DUMMYFUNCTION("""COMPUTED_VALUE"""),1273039.5312066523) -> 1273039.5 | E16: =IFERROR(__xludf.DUMMYFUNCTION("""COMPUTED_VALUE"""),17705.424324098574) -> 17705.424 | F16: =IFERROR(__xludf.DUMMYFUNCTION("""COMPUTED_VALUE"""),92889.22861924583) -> 92889.229 | G16: =IFERROR(__xludf.DUMMYFUNCTION("""COMPUTED_VALUE"""),20716.21044975692) -> 20716.21 | H16: =IFERROR(__xludf.DUMMYFUNCTION("""COMPUTED_VALUE"""),30429.955656441063) -> 30429.956 | I16: =IFERROR(__xludf.DUMMYFUNCTION("""COMPUTED_VALUE"""),2557.167817530664) -> 2557.1678 | J16: =IFERROR(__xludf.DUMMYFUNCTION("""COMPUTED_VALUE"""),6486.762339793848) -> 6486.7623 | L16: OBI | M16: =D49 -> 6780001.9 | N16: =G49 -> 181919.41 | O16: =H49 -> 267220.67 | P16: =SUM(M16:O16) -> 7229142 | Q16: =P16/$P$21 -> 0.20844427
A17: Total LLPs | B17: 11 | C17: Total | D17: =SUM(D6:D16) -> 8645187.1 | E17: =SUM(E6:E16) -> 1045550.8 | F17: =SUM(F6:F16) -> 1664235.8 | G17: =SUM(G6:G16) -> 205532.73 | H17: =SUM(H6:H16) -> 301906.18 | I17: =SUM(I6:I16) -> 25370.552 | J17: =SUM(J6:J16) -> 64357.426 | L17: NP | M17: =D34 -> 5491598 | N17: =G34 -> 133290.04 | O17: =H34 -> 195789.18 | P17: =SUM(M17:O17) -> 5820677.2 | Q17: =P17/$P$21 -> 0.16783276
L18: SOK | M18: =D70 -> 11724976 | N18: =G70 -> 305396.39 | O18: =H70 -> 448595.5 | P18: =SUM(M18:O18) -> 12478968 | Q18: =P18/$P$21 -> 0.35981717
L19: Total | M19: =SUM(M15:M18) -> 32641763 | N19: =SUM(N15:N18) -> 826138.58 | O19: =SUM(O15:O18) -> 1213511.5 | P19: =SUM(M19:O19) -> 34681413 | Q19: =P19/$P$21 -> 1
A20: North Pacific
A21: MEMBER INFORMATION | D21: QUOTA ALLOCATIONS IN POUNDS | L21: CV | M21: ='CV Coop LLP Primary Alloc'!G3 -> 32641763 | N21: ='CV Secondary & PSC Alloc'!B13 -> 826138.58 | O21: ='CV Secondary & PSC Alloc'!B14 -> 1213511.5 | P21: =SUM(M21:O21) -> 34681413
A22: Member | B22: LLP No. | C22: Vessel | D22: POP | E22: Northern | F22: Dusky | G22: Sablefish | H22: P. Cod | I22: Thorny | J22: Halibut PSC
A23: NICOLE FISHERIES LLC | B23: =IFERROR(__xludf.DUMMYFUNCTION("IMPORTRANGE(""https://docs.google.com/spreadsheets/d/1fpr4iXJjYPIWfqLVGaDLSDFHokxxaVbtvYkSxFtDSHM/edit#gid=1391174979"", ""'CV Coop LLP Primary Alloc'!A29:B39"")"),2487.0) -> 2487 | C23: =IFERROR(__xludf.DUMMYFUNCTION("""COMPUTED_VALUE"""),"NICHOLE") -> NICHOLE | D23: =IFERROR(__xludf.DUMMYFUNCTION("IMPORTRANGE(""https://docs.google.com/spreadsheets/d/1fpr4iXJjYPIWfqLVGaDLSDFHokxxaVbtvYkSxFtDSHM/edit#gid=1391174979"", ""'CV Coop LLP Primary Alloc'!K29:M39"")"),732175.4912703194) -> 732175.49 | E23: =IFERROR(__xludf.DUMMYFUNCTION("""COMPUTED_VALUE"""),128005.56069709842) -> 128005.56 | F23: =IFERROR(__xludf.DUMMYFUNCTION("""COMPUTED_VALUE"""),318935.3264430765) -> 318935.33 | G23: =IFERROR(__xludf.DUMMYFUNCTION("IMPORTRANGE(""https://docs.google.com/spreadsheets/d/1fpr4iXJjYPIWfqLVGaDLSDFHokxxaVbtvYkSxFtDSHM/edit#gid=1392452204"", ""'CV Secondary & PSC Alloc'!H40:K50"")"),22825.83777319392) -> 22825.838 | H23: =IFERROR(__xludf.DUMMYFUNCTION("""COMPUTED_VALUE"""),33528.77848697268) -> 33528.778 | I23: =IFERROR(__xludf.DUMMYFUNCTION("""COMPUTED_VALUE"""),2817.57601871013) -> 2817.576 | J23: =IFERROR(__xludf.DUMMYFUNCTION("""COMPUTED_VALUE"""),7147.339287776717) -> 7147.3393
A24: MAGIC FISH CO. | B24: =IFERROR(__xludf.DUMMYFUNCTION("""COMPUTED_VALUE"""),1541.0) -> 1541 | C24: =IFERROR(__xludf.DUMMYFUNCTION("""COMPUTED_VALUE"""),"SEA MAC - MAGIC") -> SEA MAC - MAGIC | D24: =IFERROR(__xludf.DUMMYFUNCTION("""COMPUTED_VALUE"""),604651.7512364064) -> 604651.75 | E24: =IFERROR(__xludf.DUMMYFUNCTION("""COMPUTED_VALUE"""),15588.092497620579) -> 15588.093 | F24: =IFERROR(__xludf.DUMMYFUNCTION("""COMPUTED_VALUE"""),30769.598286948247) -> 30769.598 | G24: =IFERROR(__xludf.DUMMYFUNCTION("""COMPUTED_VALUE"""),9919.225767642482) -> 9919.2258 | H24: =IFERROR(__xludf.DUMMYFUNCTION("""COMPUTED_VALUE"""),14570.309612737596) -> 14570.31 | I24: =IFERROR(__xludf.DUMMYFUNCTION("""COMPUTED_VALUE"""),1224.409501407333) -> 1224.4095 | J24: =IFERROR(__xludf.DUMMYFUNCTION("""COMPUTED_VALUE"""),3105.9570622488523) -> 3105.9571
A25: SEA MAC SEAFOODS, LLC | B25: =IFERROR(__xludf.DUMMYFUNCTION("""COMPUTED_VALUE"""),3785.0) -> 3785 | C25: =IFERROR(__xludf.DUMMYFUNCTION("""COMPUTED_VALUE"""),"SEA MAC ") -> SEA MAC | D25: =IFERROR(__xludf.DUMMYFUNCTION("""COMPUTED_VALUE"""),277608.28029651556) -> 277608.28 | E25: =IFERROR(__xludf.DUMMYFUNCTION("""COMPUTED_VALUE"""),38379.29003588003) -> 38379.29 | F25: =IFERROR(__xludf.DUMMYFUNCTION("""COMPUTED_VALUE"""),62674.01649403903) -> 62674.016 | G25: =IFERROR(__xludf.DUMMYFUNCTION("""COMPUTED_VALUE"""),7013.312369243585) -> 7013.3124 | H25: =IFERROR(__xludf.DUMMYFUNCTION("""COMPUTED_VALUE"""),10301.825467473762) -> 10301.825 | I25: =IFERROR(__xludf.DUMMYFUNCTION("""COMPUTED_VALUE"""),865.7093307878548) -> 865.70933 | J25: =IFERROR(__xludf.DUMMYFUNCTION("""COMPUTED_VALUE"""),2196.0430776833255) -> 2196.0431
A26: ALASKA DAWN SEAFOODS LLC | B26: =IFERROR(__xludf.DUMMYFUNCTION("""COMPUTED_VALUE"""),2653.0) -> 2653 | C26: =IFERROR(__xludf.DUMMYFUNCTION("""COMPUTED_VALUE"""),"SEA MAC 2653") -> SEA MAC 2653 | D26: =IFERROR(__xludf.DUMMYFUNCTION("""COMPUTED_VALUE"""),105979.72629250184) -> 105979.73 | E26: =IFERROR(__xludf.DUMMYFUNCTION("""COMPUTED_VALUE"""),37.43082819190992) -> 37.430828 | F26: =IFERROR(__xludf.DUMMYFUNCTION("""COMPUTED_VALUE"""),2958.151686318818) -> 2958.1517 | G26: =IFERROR(__xludf.DUMMYFUNCTION("""COMPUTED_VALUE"""),1561.110815150801) -> 1561.1108 | H26: =IFERROR(__xludf.DUMMYFUNCTION("""COMPUTED_VALUE"""),2293.1092052304793) -> 2293.1092 | I26: =IFERROR(__xludf.DUMMYFUNCTION("""COMPUTED_VALUE"""),192.70041428593092) -> 192.70041 | J26: =IFERROR(__xludf.DUMMYFUNCTION("""COMPUTED_VALUE"""),488.8227443202053) -> 488.82274
A27: GOLDEN WEST FISHERIES, INC. | B27: =IFERROR(__xludf.DUMMYFUNCTION("""COMPUTED_VALUE"""),2973.0) -> 2973 | C27: =IFERROR(__xludf.DUMMYFUNCTION("""COMPUTED_VALUE"""),"CARAVELLE") -> CARAVELLE | D27: =IFERROR(__xludf.DUMMYFUNCTION("""COMPUTED_VALUE"""),686460.3573417688) -> 686460.36 | E27: =IFERROR(__xludf.DUMMYFUNCTION("""COMPUTED_VALUE"""),140061.98226351323) -> 140061.98 | F27: =IFERROR(__xludf.DUMMYFUNCTION("""COMPUTED_VALUE"""),240453.14016731898) -> 240453.14 | G27: =IFERROR(__xludf.DUMMYFUNCTION("""COMPUTED_VALUE"""),21201.5038496979) -> 21201.504 | H27: =IFERROR(__xludf.DUMMYFUNCTION("""COMPUTED_VALUE"""),31142.801119967466) -> 31142.801 | I27: =IFERROR(__xludf.DUMMYFUNCTION("""COMPUTED_VALUE"""),2617.071469668146) -> 2617.0715 | J27: =IFERROR(__xludf.DUMMYFUNCTION("""COMPUTED_VALUE"""),6638.719810882611) -> 6638.7198
A28: CHANDLER FISHERIES, INC. | B28: =IFERROR(__xludf.DUMMYFUNCTION("""COMPUTED_VALUE"""),2535.0) -> 2535 | C28: =IFERROR(__xludf.DUMMYFUNCTION("""COMPUTED_VALUE"""),"TOPAZ") -> TOPAZ | D28: =IFERROR(__xludf.DUMMYFUNCTION("""COMPUTED_VALUE"""),1078314.8543931672) -> 1078314.9 | E28: =IFERROR(__xludf.DUMMYFUNCTION("""COMPUTED_VALUE"""),215804.62861215897) -> 215804.63 | F28: =IFERROR(__xludf.DUMMYFUNCTION("""COMPUTED_VALUE"""),412237.42890788283) -> 412237.43 | G28: =IFERROR(__xludf.DUMMYFUNCTION("""COMPUTED_VALUE"""),33786.30738345534) -> 33786.307 | H28: =IFERROR(__xludf.DUMMYFUNCTION("""COMPUTED_VALUE"""),49628.566863950604) -> 49628.567 | I28: =IFERROR(__xludf.DUMMYFUNCTION("""COMPUTED_VALUE"""),4170.514589225195) -> 4170.5146 | J28: =IFERROR(__xludf.DUMMYFUNCTION("""COMPUTED_VALUE"""),10579.335775104013) -> 10579.336
A29: ANTHEM SEAFOODS LLC | B29: =IFERROR(__xludf.DUMMYFUNCTION("""COMPUTED_VALUE"""),1590.0) -> 1590 | C29: =IFERROR(__xludf.DUMMYFUNCTION("""COMPUTED_VALUE"""),"ALASKA BEAUTY") -> ALASKA BEAUTY | D29: =IFERROR(__xludf.DUMMYFUNCTION("""COMPUTED_VALUE"""),559844.0543655228) -> 559844.05 | E29: =IFERROR(__xludf.DUMMYFUNCTION("""COMPUTED_VALUE"""),54077.586602769494) -> 54077.587 | F29: =IFERROR(__xludf.DUMMYFUNCTION("""COMPUTED_VALUE"""),120861.2372709266) -> 120861.24 | G29: =IFERROR(__xludf.DUMMYFUNCTION("""COMPUTED_VALUE"""),12915.617465970055) -> 12915.617 | H29: =IFERROR(__xludf.DUMMYFUNCTION("""COMPUTED_VALUE"""),18971.696957714394) -> 18971.697 | I29: =IFERROR(__xludf.DUMMYFUNCTION("""COMPUTED_VALUE"""),1594.2781334268163) -> 1594.2781 | J29: =IFERROR(__xludf.DUMMYFUNCTION("""COMPUTED_VALUE"""),4044.202059861835) -> 4044.2021
A30: THOMAS TORMALA | B30: =IFERROR(__xludf.DUMMYFUNCTION("""COMPUTED_VALUE"""),2148.0) -> 2148 | C30: =IFERROR(__xludf.DUMMYFUNCTION("""COMPUTED_VALUE"""),"CAPT'N ART") -> CAPT'N ART | D30: =IFERROR(__xludf.DUMMYFUNCTION("""COMPUTED_VALUE"""),183502.48758953033) -> 183502.49 | E30: =IFERROR(__xludf.DUMMYFUNCTION("""COMPUTED_VALUE"""),760.3438190227882) -> 760.34382 | F30: =IFERROR(__xludf.DUMMYFUNCTION("""COMPUTED_VALUE"""),2023.1595972668063) -> 2023.1596 | G30: =IFERROR(__xludf.DUMMYFUNCTION("""COMPUTED_VALUE"""),2674.9915151582018) -> 2674.9915 | H30: =IFERROR(__xludf.DUMMYFUNCTION("""COMPUTED_VALUE"""),3929.2839481931073) -> 3929.2839 | I30: =IFERROR(__xludf.DUMMYFUNCTION("""COMPUTED_VALUE"""),330.1956326095542) -> 330.19563 | J30: =IFERROR(__xludf.DUMMYFUNCTION("""COMPUTED_VALUE"""),837.6065816612669) -> 837.60658
A31: ENTERPRISE FISHERIES, LLC | B31: =IFERROR(__xludf.DUMMYFUNCTION("""COMPUTED_VALUE"""),1755.0) -> 1755 | C31: =IFERROR(__xludf.DUMMYFUNCTION("""COMPUTED_VALUE"""),"ENTERPRISE") -> ENTERPRISE | D31: =IFERROR(__xludf.DUMMYFUNCTION("""COMPUTED_VALUE"""),90878.62446592943) -> 90878.624 | E31: =IFERROR(__xludf.DUMMYFUNCTION("""COMPUTED_VALUE"""),9820.532009440536) -> 9820.532 | F31: =IFERROR(__xludf.DUMMYFUNCTION("""COMPUTED_VALUE"""),9154.369530522961) -> 9154.3695 | G31: =IFERROR(__xludf.DUMMYFUNCTION("""COMPUTED_VALUE"""),1939.1860815534844) -> 1939.1861 | H31: =IFERROR(__xludf.DUMMYFUNCTION("""COMPUTED_VALUE"""),2848.46239684501) -> 2848.4624 | I31: =IFERROR(__xludf.DUMMYFUNCTION("""COMPUTED_VALUE"""),239.36927325480758) -> 239.36927 | J31: =IFERROR(__xludf.DUMMYFUNCTION("""COMPUTED_VALUE"""),607.2075428168449) -> 607.20754
A32: 3THIRTY3 LLC | B32: =IFERROR(__xludf.DUMMYFUNCTION("""COMPUTED_VALUE"""),3764.0) -> 3764 | C32: =IFERROR(__xludf.DUMMYFUNCTION("""COMPUTED_VALUE"""),"ALASKAN") -> ALASKAN | D32: =IFERROR(__xludf.DUMMYFUNCTION("""COMPUTED_VALUE"""),218117.8383720489) -> 218117.84 | E32: =IFERROR(__xludf.DUMMYFUNCTION("""COMPUTED_VALUE"""),1193.9309661900193) -> 1193.931 | F32: =IFERROR(__xludf.DUMMYFUNCTION("""COMPUTED_VALUE"""),7251.728664069512) -> 7251.7287 | G32: =IFERROR(__xludf.DUMMYFUNCTION("""COMPUTED_VALUE"""),3289.5506343672255) -> 3289.5506 | H32: =IFERROR(__xludf.DUMMYFUNCTION("""COMPUTED_VALUE"""),4832.007290917766) -> 4832.0073 | I32: =IFERROR(__xludf.DUMMYFUNCTION("""COMPUTED_VALUE"""),406.05558804989613) -> 406.05559 | J32: =IFERROR(__xludf.DUMMYFUNCTION("""COMPUTED_VALUE"""),1030.0403744985447) -> 1030.0404
A33: LESLIE LEE, INC | B33: =IFERROR(__xludf.DUMMYFUNCTION("""COMPUTED_VALUE"""),1183.0) -> 1183 | C33: =IFERROR(__xludf.DUMMYFUNCTION("""COMPUTED_VALUE"""),"LESLIE LEE") -> LESLIE LEE | D33: =IFERROR(__xludf.DUMMYFUNCTION("""COMPUTED_VALUE"""),954064.524896414) -> 954064.52 | E33: =IFERROR(__xludf.DUMMYFUNCTION("""COMPUTED_VALUE"""),38649.33819978819) -> 38649.338 | F33: =IFERROR(__xludf.DUMMYFUNCTION("""COMPUTED_VALUE"""),40385.04915535714) -> 40385.049 | G33: =IFERROR(__xludf.DUMMYFUNCTION("""COMPUTED_VALUE"""),16163.3917001233) -> 16163.392 | H33: =IFERROR(__xludf.DUMMYFUNCTION("""COMPUTED_VALUE"""),23742.339067530123) -> 23742.339 | I33: =IFERROR(__xludf.DUMMYFUNCTION("""COMPUTED_VALUE"""),1995.1769257191793) -> 1995.1769 | J33: =IFERROR(__xludf.DUMMYFUNCTION("""COMPUTED_VALUE"""),5061.161201175505) -> 5061.1612
A34: Total LLPs | B34: 11 | C34: Total | D34: =SUM(D23:D33) -> 5491598 | E34: =SUM(E23:E33) -> 642378.72 | F34: =SUM(F23:F33) -> 1247703.2 | G34: =SUM(G23:G33) -> 133290.04 | H34: =SUM(H23:H33) -> 195789.18 | I34: =SUM(I23:I33) -> 16453.057 | J34: =SUM(J23:J33) -> 41736.436
A37: OBI
A38: MEMBER INFORMATION | D38: QUOTA ALLOCATIONS IN POUNDS
A39: Member | B39: LLP No. | C39: Vessel | D39: POP | E39: Northern | F39: Dusky | G39: Sablefish | H39: P. Cod | I39: Thorny | J39: Halibut PSC
A40: NEW LIFE FISHERIES, INC | B40: =IFERROR(__xludf.DUMMYFUNCTION("IMPORTRANGE(""https://docs.google.com/spreadsheets/d/1fpr4iXJjYPIWfqLVGaDLSDFHokxxaVbtvYkSxFtDSHM/edit#gid=1391174979"", ""'CV Coop LLP Primary Alloc'!A48:B56"")"),1367.0) -> 1367 | C40: =IFERROR(__xludf.DUMMYFUNCTION("""COMPUTED_VALUE"""),"DOMINION") -> DOMINION | D40: =IFERROR(__xludf.DUMMYFUNCTION("IMPORTRANGE(""https://docs.google.com/spreadsheets/d/1fpr4iXJjYPIWfqLVGaDLSDFHokxxaVbtvYkSxFtDSHM/edit#gid=1391174979"", ""'CV Coop LLP Primary Alloc'!K48:M56"")"),457349.36511823407) -> 457349.37 | E40: =IFERROR(__xludf.DUMMYFUNCTION("""COMPUTED_VALUE"""),105854.54277405255) -> 105854.54 | F40: =IFERROR(__xludf.DUMMYFUNCTION("""COMPUTED_VALUE"""),188527.8393814338) -> 188527.84 | G40: =IFERROR(__xludf.DUMMYFUNCTION("IMPORTRANGE(""https://docs.google.com/spreadsheets/d/1fpr4iXJjYPIWfqLVGaDLSDFHokxxaVbtvYkSxFtDSHM/edit#gid=1392452204"", ""'CV Secondary & PSC Alloc'!H57:K65"")"),15287.96696401477) -> 15287.967 | H40: =IFERROR(__xludf.DUMMYFUNCTION("""COMPUTED_VALUE"""),22456.43130148661) -> 22456.431 | I40: =IFERROR(__xludf.DUMMYFUNCTION("""COMPUTED_VALUE"""),1887.1162373381496) -> 1887.1162 | J40: =IFERROR(__xludf.DUMMYFUNCTION("""COMPUTED_VALUE"""),4787.04387536028) -> 4787.0439
A41: NEW LIFE FISHERIES, INC | B41: =IFERROR(__xludf.DUMMYFUNCTION("""COMPUTED_VALUE"""),5201.0) -> 5201 | C41: =IFERROR(__xludf.DUMMYFUNCTION("""COMPUTED_VALUE"""),"NEW LIFE") -> NEW LIFE | D41: =IFERROR(__xludf.DUMMYFUNCTION("""COMPUTED_VALUE"""),706682.9294686278) -> 706682.93 | E41: =IFERROR(__xludf.DUMMYFUNCTION("""COMPUTED_VALUE"""),126255.46866996252) -> 126255.47 | F41: =IFERROR(__xludf.DUMMYFUNCTION("""COMPUTED_VALUE"""),249427.5091418207) -> 249427.51 | G41: =IFERROR(__xludf.DUMMYFUNCTION("""COMPUTED_VALUE"""),21003.622530816003) -> 21003.623 | H41: =IFERROR(__xludf.DUMMYFUNCTION("""COMPUTED_VALUE"""),30852.13407092304) -> 30852.134 | I41: =IFERROR(__xludf.DUMMYFUNCTION("""COMPUTED_VALUE"""),2592.645393211617) -> 2592.6454 | J41: =IFERROR(__xludf.DUMMYFUNCTION("""COMPUTED_VALUE"""),6576.75823300692) -> 6576.7582
A42: MARATHON FISHERIES, INC. | B42: =IFERROR(__xludf.DUMMYFUNCTION("""COMPUTED_VALUE"""),4465.0) -> 4465 | C42: =IFERROR(__xludf.DUMMYFUNCTION("""COMPUTED_VALUE"""),"MARATHON") -> MARATHON | D42: =IFERROR(__xludf.DUMMYFUNCTION("""COMPUTED_VALUE"""),1032184.0838266923) -> 1032184.1 | E42: =IFERROR(__xludf.DUMMYFUNCTION("""COMPUTED_VALUE"""),164454.83369479133) -> 164454.83 | F42: =IFERROR(__xludf.DUMMYFUNCTION("""COMPUTED_VALUE"""),285447.0588510385) -> 285447.06 | G42: =IFERROR(__xludf.DUMMYFUNCTION("""COMPUTED_VALUE"""),28158.318317564142) -> 28158.318 | H42: =IFERROR(__xludf.DUMMYFUNCTION("""COMPUTED_VALUE"""),41361.63705430416) -> 41361.637 | I42: =IFERROR(__xludf.DUMMYFUNCTION("""COMPUTED_VALUE"""),3475.8068118729752) -> 3475.8068 | J42: =IFERROR(__xludf.DUMMYFUNCTION("""COMPUTED_VALUE"""),8817.07198608062) -> 8817.072
A43: BAY ISLANDER, INC. | B43: =IFERROR(__xludf.DUMMYFUNCTION("""COMPUTED_VALUE"""),3504.0) -> 3504 | C43: =IFERROR(__xludf.DUMMYFUNCTION("""COMPUTED_VALUE"""),"BAY ISLANDER") -> BAY ISLANDER | D43: =IFERROR(__xludf.DUMMYFUNCTION("""COMPUTED_VALUE"""),0.0) -> 0 | E43: =IFERROR(__xludf.DUMMYFUNCTION("""COMPUTED_VALUE"""),26785.21148893441) -> 26785.211 | F43: =IFERROR(__xludf.DUMMYFUNCTION("""COMPUTED_VALUE"""),17129.210579472612) -> 17129.211 | G43: =IFERROR(__xludf.DUMMYFUNCTION("""COMPUTED_VALUE"""),1623.8563028408018) -> 1623.8563 | H43: =IFERROR(__xludf.DUMMYFUNCTION("""COMPUTED_VALUE"""),2385.275792004601) -> 2385.2758 | I43: =IFERROR(__xludf.DUMMYFUNCTION("""COMPUTED_VALUE"""),200.44559249819508) -> 200.44559 | J43: =IFERROR(__xludf.DUMMYFUNCTION("""COMPUTED_VALUE"""),508.4699219508164) -> 508.46992
A44: PAC STAR, INC. | B44: =IFERROR(__xludf.DUMMYFUNCTION("""COMPUTED_VALUE"""),4852.0) -> 4852 | C44: =IFERROR(__xludf.DUMMYFUNCTION("""COMPUTED_VALUE"""),"PACIFIC STAR") -> PACIFIC STAR | D44: =IFERROR(__xludf.DUMMYFUNCTION("""COMPUTED_VALUE"""),1492606.6575413062) -> 1492606.7 | E44: =IFERROR(__xludf.DUMMYFUNCTION("""COMPUTED_VALUE"""),275226.6306324755) -> 275226.63 | F44: =IFERROR(__xludf.DUMMYFUNCTION("""COMPUTED_VALUE"""),405549.4168879404) -> 405549.42 | G44: =IFERROR(__xludf.DUMMYFUNCTION("""COMPUTED_VALUE"""),42369.736028268344) -> 42369.736 | H44: =IFERROR(__xludf.DUMMYFUNCTION("""COMPUTED_VALUE"""),62236.729620134145) -> 62236.73 | I44: =IFERROR(__xludf.DUMMYFUNCTION("""COMPUTED_VALUE"""),5230.035950422999) -> 5230.036 | J44: =IFERROR(__xludf.DUMMYFUNCTION("""COMPUTED_VALUE"""),13267.021431441513) -> 13267.021
A45: DEFIANT FISHERIES, INC. | B45: =IFERROR(__xludf.DUMMYFUNCTION("""COMPUTED_VALUE"""),2603.0) -> 2603 | C45: =IFERROR(__xludf.DUMMYFUNCTION("""COMPUTED_VALUE"""),"TAASINGE") -> TAASINGE | D45: =IFERROR(__xludf.DUMMYFUNCTION("""COMPUTED_VALUE"""),671255.8903827283) -> 671255.89 | E45: =IFERROR(__xludf.DUMMYFUNCTION("""COMPUTED_VALUE"""),108614.46392571354) -> 108614.46 | F45: =IFERROR(__xludf.DUMMYFUNCTION("""COMPUTED_VALUE"""),245671.2124414379) -> 245671.21 | G45: =IFERROR(__xludf.DUMMYFUNCTION("""COMPUTED_VALUE"""),19581.591769042156) -> 19581.592 | H45: =IFERROR(__xludf.DUMMYFUNCTION("""COMPUTED_VALUE"""),28763.318979580836) -> 28763.319 | I45: =IFERROR(__xludf.DUMMYFUNCTION("""COMPUTED_VALUE"""),2417.1127441122076) -> 2417.1127 | J45: =IFERROR(__xludf.DUMMYFUNCTION("""COMPUTED_VALUE"""),6131.4849233021905) -> 6131.4849
A46: LOUGHBEG FISHERIES, INC | B46: =IFERROR(__xludf.DUMMYFUNCTION("""COMPUTED_VALUE"""),1619.0) -> 1619 | C46: =IFERROR(__xludf.DUMMYFUNCTION("""COMPUTED_VALUE"""),"STELLA") -> STELLA | D46: =IFERROR(__xludf.DUMMYFUNCTION("""COMPUTED_VALUE"""),832825.3849165597) -> 832825.38 | E46: =IFERROR(__xludf.DUMMYFUNCTION("""COMPUTED_VALUE"""),115138.03075497139) -> 115138.03 | F46: =IFERROR(__xludf.DUMMYFUNCTION("""COMPUTED_VALUE"""),188022.43825221647) -> 188022.44 | G46: =IFERROR(__xludf.DUMMYFUNCTION("""COMPUTED_VALUE"""),21039.96021840762) -> 21039.96 | H46: =IFERROR(__xludf.DUMMYFUNCTION("""COMPUTED_VALUE"""),30905.51034959873) -> 30905.51 | I46: =IFERROR(__xludf.DUMMYFUNCTION("""COMPUTED_VALUE"""),2597.1308450995543) -> 2597.1308 | J46: =IFERROR(__xludf.DUMMYFUNCTION("""COMPUTED_VALUE"""),6588.136469579491) -> 6588.1365
A47: GREEN HOPE LLC | B47: =IFERROR(__xludf.DUMMYFUNCTION("""COMPUTED_VALUE"""),2188.0) -> 2188 | C47: =IFERROR(__xludf.DUMMYFUNCTION("""COMPUTED_VALUE"""),"GREEN HOPE") -> GREEN HOPE | D47: =IFERROR(__xludf.DUMMYFUNCTION("""COMPUTED_VALUE"""),253258.7192491156) -> 253258.72 | E47: =IFERROR(__xludf.DUMMYFUNCTION("""COMPUTED_VALUE"""),39056.900479285505) -> 39056.9 | F47: =IFERROR(__xludf.DUMMYFUNCTION("""COMPUTED_VALUE"""),140364.27807732293) -> 140364.28 | G47: =IFERROR(__xludf.DUMMYFUNCTION("""COMPUTED_VALUE"""),8240.458496569105) -> 8240.4585 | H47: =IFERROR(__xludf.DUMMYFUNCTION("""COMPUTED_VALUE"""),12104.375327114096) -> 12104.375 | I47: =IFERROR(__xludf.DUMMYFUNCTION("""COMPUTED_VALUE"""),1017.1858081974106) -> 1017.1858 | J47: =IFERROR(__xludf.DUMMYFUNCTION("""COMPUTED_VALUE"""),2580.2931461726835) -> 2580.2931
A48: MARTIN FISHERIES, INC | B48: =IFERROR(__xludf.DUMMYFUNCTION("""COMPUTED_VALUE"""),2683.0) -> 2683 | C48: =IFERROR(__xludf.DUMMYFUNCTION("""COMPUTED_VALUE"""),"OCEAN HOPE 3") -> OCEAN HOPE 3 | D48: =IFERROR(__xludf.DUMMYFUNCTION("""COMPUTED_VALUE"""),1333838.9021243725) -> 1333838.9 | E48: =IFERROR(__xludf.DUMMYFUNCTION("""COMPUTED_VALUE"""),69771.38504438268) -> 69771.385 | F48: =IFERROR(__xludf.DUMMYFUNCTION("""COMPUTED_VALUE"""),120142.40135713982) -> 120142.4 | G48: =IFERROR(__xludf.DUMMYFUNCTION("""COMPUTED_VALUE"""),24613.903138723497) -> 24613.903 | H48: =IFERROR(__xludf.DUMMYFUNCTION("""COMPUTED_VALUE"""),36155.26029047847) -> 36155.26 | I48: =IFERROR(__xludf.DUMMYFUNCTION("""COMPUTED_VALUE"""),3038.2912513277383) -> 3038.2913 | J48: =IFERROR(__xludf.DUMMYFUNCTION("""COMPUTED_VALUE"""),7707.227164101273) -> 7707.2272
A49: Total LLPs | B49: 9 | C49: Total | D49: =SUM(D40:D48) -> 6780001.9 | E49: =SUM(E40:E48) -> 1031157.5 | F49: =SUM(F40:F48) -> 1840281.4 | G49: =SUM(G40:G48) -> 181919.41 | H49: =SUM(H40:H48) -> 267220.67 | I49: =SUM(I40:I48) -> 22455.771 | J49: =SUM(J40:J48) -> 56963.507
A52: SOK
A53: MEMBER INFORMATION | D53: QUOTA ALLOCATIONS IN POUNDS
A54: Member | B54: LLP No. | C54: Vessel | D54: POP | E54: Northern | F54: Dusky | G54: Sablefish | H54: P. Cod | I54: Thorny | J54: Halibut PSC
A55: OCEAN STORM FISHERIES, INC. | B55: =IFERROR(__xludf.DUMMYFUNCTION("IMPORTRANGE(""https://docs.google.com/spreadsheets/d/1fpr4iXJjYPIWfqLVGaDLSDFHokxxaVbtvYkSxFtDSHM/edit#gid=1391174979"", ""'CV Coop LLP Primary Alloc'!A65:B79"")"),3658.0) -> 3658 | C55: =IFERROR(__xludf.DUMMYFUNCTION("""COMPUTED_VALUE"""),"OCEAN STORM") -> OCEAN STORM | D55: =IFERROR(__xludf.DUMMYFUNCTION("IMPORTRANGE(""https://docs.google.com/spreadsheets/d/1fpr4iXJjYPIWfqLVGaDLSDFHokxxaVbtvYkSxFtDSHM/edit#gid=1391174979"", ""'CV Coop LLP Primary Alloc'!K65:M79"")"),169169.00787828662) -> 169169.01 | E55: =IFERROR(__xludf.DUMMYFUNCTION("""COMPUTED_VALUE"""),440.173687750357) -> 440.17369 | F55: =IFERROR(__xludf.DUMMYFUNCTION("""COMPUTED_VALUE"""),28424.537047379952) -> 28424.537 | G55: =IFERROR(__xludf.DUMMYFUNCTION("IMPORTRANGE(""https://docs.google.com/spreadsheets/d/1fpr4iXJjYPIWfqLVGaDLSDFHokxxaVbtvYkSxFtDSHM/edit#gid=1392452204"", ""'CV Secondary & PSC Alloc'!H72:K86"")"),2979.821343014964) -> 2979.8213 | H55: =IFERROR(__xludf.DUMMYFUNCTION("""COMPUTED_VALUE"""),4377.047218745839) -> 4377.0472 | I55: =IFERROR(__xludf.DUMMYFUNCTION("""COMPUTED_VALUE"""),367.82322031480805) -> 367.82322 | J55: =IFERROR(__xludf.DUMMYFUNCTION("""COMPUTED_VALUE"""),933.0564059514178) -> 933.05641
A56: ROSELLA INC | B56: =IFERROR(__xludf.DUMMYFUNCTION("""COMPUTED_VALUE"""),2364.0) -> 2364 | C56: =IFERROR(__xludf.DUMMYFUNCTION("""COMPUTED_VALUE"""),"ROSELLA") -> ROSELLA | D56: =IFERROR(__xludf.DUMMYFUNCTION("""COMPUTED_VALUE"""),370445.94603622146) -> 370445.95 | E56: =IFERROR(__xludf.DUMMYFUNCTION("""COMPUTED_VALUE"""),46266.9133551701) -> 46266.913 | F56: =IFERROR(__xludf.DUMMYFUNCTION("""COMPUTED_VALUE"""),232132.29372990516) -> 232132.29 | G56: =IFERROR(__xludf.DUMMYFUNCTION("""COMPUTED_VALUE"""),12064.004430592007) -> 12064.004 | H56: =IFERROR(__xludf.DUMMYFUNCTION("""COMPUTED_VALUE"""),17720.766100169196) -> 17720.766 | I56: =IFERROR(__xludf.DUMMYFUNCTION("""COMPUTED_VALUE"""),1489.1567140272612) -> 1489.1567 | J56: =IFERROR(__xludf.DUMMYFUNCTION("""COMPUTED_VALUE"""),3777.5407716225727) -> 3777.5408
A57: EXCALIBUR II, LLC | B57: =IFERROR(__xludf.DUMMYFUNCTION("""COMPUTED_VALUE"""),3521.0) -> 3521 | C57: =IFERROR(__xludf.DUMMYFUNCTION("""COMPUTED_VALUE"""),"EXCALIBUR II") -> EXCALIBUR II | D57: =IFERROR(__xludf.DUMMYFUNCTION("""COMPUTED_VALUE"""),987987.3292913964) -> 987987.33 | E57: =IFERROR(__xludf.DUMMYFUNCTION("""COMPUTED_VALUE"""),114913.12449115734) -> 114913.12 | F57: =IFERROR(__xludf.DUMMYFUNCTION("""COMPUTED_VALUE"""),144714.22671948632) -> 144714.23 | G57: =IFERROR(__xludf.DUMMYFUNCTION("""COMPUTED_VALUE"""),22368.146224989378) -> 22368.146 | H57: =IFERROR(__xludf.DUMMYFUNCTION("""COMPUTED_VALUE"""),32856.477269046234) -> 32856.477 | I57: =IFERROR(__xludf.DUMMYFUNCTION("""COMPUTED_VALUE"""),2761.079484256447) -> 2761.0795 | J57: =IFERROR(__xludf.DUMMYFUNCTION("""COMPUTED_VALUE"""),7004.024645104219) -> 7004.0246
A58: TRIDENT SEAFOODS CORP. | B58: =IFERROR(__xludf.DUMMYFUNCTION("""COMPUTED_VALUE"""),2567.0) -> 2567 | C58: =IFERROR(__xludf.DUMMYFUNCTION("""COMPUTED_VALUE"""),"ARCTIC RAM") -> ARCTIC RAM | D58: =IFERROR(__xludf.DUMMYFUNCTION("""COMPUTED_VALUE"""),401164.43132469367) -> 401164.43 | E58: =IFERROR(__xludf.DUMMYFUNCTION("""COMPUTED_VALUE"""),76468.61163877122) -> 76468.612 | F58: =IFERROR(__xludf.DUMMYFUNCTION("""COMPUTED_VALUE"""),155360.30712139915) -> 155360.31 | G58: =IFERROR(__xludf.DUMMYFUNCTION("""COMPUTED_VALUE"""),12426.002369455215) -> 12426.002 | H58: =IFERROR(__xludf.DUMMYFUNCTION("""COMPUTED_VALUE"""),18252.503372005016) -> 18252.503 | I58: =IFERROR(__xludf.DUMMYFUNCTION("""COMPUTED_VALUE"""),1533.8410196592445) -> 1533.841 | J58: =IFERROR(__xludf.DUMMYFUNCTION("""COMPUTED_VALUE"""),3890.891357753947) -> 3890.8914
A59: JJL FISHERIES LLC | B59: =IFERROR(__xludf.DUMMYFUNCTION("""COMPUTED_VALUE"""),2278.0) -> 2278 | C59: =IFERROR(__xludf.DUMMYFUNCTION("""COMPUTED_VALUE"""),"MARCY J") -> MARCY J | D59: =IFERROR(__xludf.DUMMYFUNCTION("""COMPUTED_VALUE"""),776853.1656850985) -> 776853.17 | E59: =IFERROR(__xludf.DUMMYFUNCTION("""COMPUTED_VALUE"""),163138.65010948523) -> 163138.65 | F59: =IFERROR(__xludf.DUMMYFUNCTION("""COMPUTED_VALUE"""),454073.75684429245) -> 454073.76 | G59: =IFERROR(__xludf.DUMMYFUNCTION("""COMPUTED_VALUE"""),27821.025692270217) -> 27821.026 | H59: =IFERROR(__xludf.DUMMYFUNCTION("""COMPUTED_VALUE"""),40866.189315161355) -> 40866.189 | I59: =IFERROR(__xludf.DUMMYFUNCTION("""COMPUTED_VALUE"""),3434.172081014071) -> 3434.1721 | J59: =IFERROR(__xludf.DUMMYFUNCTION("""COMPUTED_VALUE"""),8711.45724999975) -> 8711.4572
A60: ROYAL VIKING, INC. | B60: =IFERROR(__xludf.DUMMYFUNCTION("""COMPUTED_VALUE"""),2636.0) -> 2636 | C60: =IFERROR(__xludf.DUMMYFUNCTION("""COMPUTED_VALUE"""),"CAPE KIWANDA") -> CAPE KIWANDA | D60: =IFERROR(__xludf.DUMMYFUNCTION("""COMPUTED_VALUE"""),666128.979812312) -> 666128.98 | E60: =IFERROR(__xludf.DUMMYFUNCTION("""COMPUTED_VALUE"""),126278.44123833782) -> 126278.44 | F60: =IFERROR(__xludf.DUMMYFUNCTION("""COMPUTED_VALUE"""),195030.0192938641) -> 195030.02 | G60: =IFERROR(__xludf.DUMMYFUNCTION("""COMPUTED_VALUE"""),19352.57266486339) -> 19352.573 | H60: =IFERROR(__xludf.DUMMYFUNCTION("""COMPUTED_VALUE"""),28426.913766786747) -> 28426.914 | I60: =IFERROR(__xludf.DUMMYFUNCTION("""COMPUTED_VALUE"""),2388.8430813654427) -> 2388.8431 | J60: =IFERROR(__xludf.DUMMYFUNCTION("""COMPUTED_VALUE"""),6059.773327994586) -> 6059.7733
A61: TRIDENT SEAFOODS CORP. | B61: =IFERROR(__xludf.DUMMYFUNCTION("""COMPUTED_VALUE"""),3144.0) -> 3144 | C61: =IFERROR(__xludf.DUMMYFUNCTION("""COMPUTED_VALUE"""),"PACIFIC RAM") -> PACIFIC RAM | D61: =IFERROR(__xludf.DUMMYFUNCTION("""COMPUTED_VALUE"""),117992.93079334385) -> 117992.93 | E61: =IFERROR(__xludf.DUMMYFUNCTION("""COMPUTED_VALUE"""),3774.7303434562546) -> 3774.7303 | F61: =IFERROR(__xludf.DUMMYFUNCTION("""COMPUTED_VALUE"""),25269.667690765782) -> 25269.668 | G61: =IFERROR(__xludf.DUMMYFUNCTION("""COMPUTED_VALUE"""),2352.543647970926) -> 2352.5436 | H61: =IFERROR(__xludf.DUMMYFUNCTION("""COMPUTED_VALUE"""),3455.641612698396) -> 3455.6416 | I61: =IFERROR(__xludf.DUMMYFUNCTION("""COMPUTED_VALUE"""),290.39330916808814) -> 290.39331 | J61: =IFERROR(__xludf.DUMMYFUNCTION("""COMPUTED_VALUE"""),736.6401097049147) -> 736.64011
A62: TRAVELER FISHERIES LLC | B62: =IFERROR(__xludf.DUMMYFUNCTION("""COMPUTED_VALUE"""),3463.0) -> 3463 | C62: =IFERROR(__xludf.DUMMYFUNCTION("""COMPUTED_VALUE"""),"TRAVELER") -> TRAVELER | D62: =IFERROR(__xludf.DUMMYFUNCTION("""COMPUTED_VALUE"""),831170.9987700576) -> 831171 | E62: =IFERROR(__xludf.DUMMYFUNCTION("""COMPUTED_VALUE"""),11887.420573891666) -> 11887.421 | F62: =IFERROR(__xludf.DUMMYFUNCTION("""COMPUTED_VALUE"""),4940.87919324824) -> 4940.8792 | G62: =IFERROR(__xludf.DUMMYFUNCTION("""COMPUTED_VALUE"""),12437.53459721113) -> 12437.535 | H62: =IFERROR(__xludf.DUMMYFUNCTION("""COMPUTED_VALUE"""),18269.44301355208) -> 18269.443 | I62: =IFERROR(__xludf.DUMMYFUNCTION("""COMPUTED_VALUE"""),1535.2645349181466) -> 1535.2645 | J62: =IFERROR(__xludf.DUMMYFUNCTION("""COMPUTED_VALUE"""),3894.5023859814514) -> 3894.5024
A63: B & N FISHERIES COMPANY | B63: =IFERROR(__xludf.DUMMYFUNCTION("""COMPUTED_VALUE"""),3594.0) -> 3594 | C63: =IFERROR(__xludf.DUMMYFUNCTION("""COMPUTED_VALUE"""),"ARCTIC WIND") -> ARCTIC WIND | D63: =IFERROR(__xludf.DUMMYFUNCTION("""COMPUTED_VALUE"""),1969712.9076632797) -> 1969712.9 | E63: =IFERROR(__xludf.DUMMYFUNCTION("""COMPUTED_VALUE"""),306429.16179004917) -> 306429.16 | F63: =IFERROR(__xludf.DUMMYFUNCTION("""COMPUTED_VALUE"""),393065.2314560741) -> 393065.23 | G63: =IFERROR(__xludf.DUMMYFUNCTION("""COMPUTED_VALUE"""),50374.56576707514) -> 50374.566 | H63: =IFERROR(__xludf.DUMMYFUNCTION("""COMPUTED_VALUE"""),73994.99084170372) -> 73994.991 | I63: =IFERROR(__xludf.DUMMYFUNCTION("""COMPUTED_VALUE"""),6218.136213380567) -> 6218.1362 | J63: =IFERROR(__xludf.DUMMYFUNCTION("""COMPUTED_VALUE"""),15773.533334865579) -> 15773.533
A64: BLACK SEA FISHERIES, INC. | B64: =IFERROR(__xludf.DUMMYFUNCTION("""COMPUTED_VALUE"""),2550.0) -> 2550 | C64: =IFERROR(__xludf.DUMMYFUNCTION("""COMPUTED_VALUE"""),"MICHELLE RENEE") -> MICHELLE RENEE | D64: =IFERROR(__xludf.DUMMYFUNCTION("""COMPUTED_VALUE"""),1435081.2411877585) -> 1435081.2 | E64: =IFERROR(__xludf.DUMMYFUNCTION("""COMPUTED_VALUE"""),574756.4714853661) -> 574756.47 | F64: =IFERROR(__xludf.DUMMYFUNCTION("""COMPUTED_VALUE"""),707102.0546467367) -> 707102.05 | G64: =IFERROR(__xludf.DUMMYFUNCTION("""COMPUTED_VALUE"""),61893.91317241749) -> 61893.913 | H64: =IFERROR(__xludf.DUMMYFUNCTION("""COMPUTED_VALUE"""),90915.71249520576) -> 90915.712 | I64: =IFERROR(__xludf.DUMMYFUNCTION("""COMPUTED_VALUE"""),7640.061547424586) -> 7640.0615 | J64: =IFERROR(__xludf.DUMMYFUNCTION("""COMPUTED_VALUE"""),19380.52840325433) -> 19380.528
A65: PACIFIC STORM FISHERIES, LLC. | B65: =IFERROR(__xludf.DUMMYFUNCTION("""COMPUTED_VALUE"""),2882.0) -> 2882 | C65: =IFERROR(__xludf.DUMMYFUNCTION("""COMPUTED_VALUE"""),"PACIFIC STORM") -> PACIFIC STORM | D65: =IFERROR(__xludf.DUMMYFUNCTION("""COMPUTED_VALUE"""),54.402701298985576) -> 54.402701 | E65: =IFERROR(__xludf.DUMMYFUNCTION("""COMPUTED_VALUE"""),16.06473312957507) -> 16.064733 | F65: =IFERROR(__xludf.DUMMYFUNCTION("""COMPUTED_VALUE"""),38.877009939792586) -> 38.87701 | G65: =IFERROR(__xludf.DUMMYFUNCTION("""COMPUTED_VALUE"""),2.3110676865561977) -> 2.3110677 | H65: =IFERROR(__xludf.DUMMYFUNCTION("""COMPUTED_VALUE"""),3.3947177449032004) -> 3.3947177 | I65: =IFERROR(__xludf.DUMMYFUNCTION("""COMPUTED_VALUE"""),0.2852735989784221) -> 0.2852736 | J65: =IFERROR(__xludf.DUMMYFUNCTION("""COMPUTED_VALUE"""),0.7236529514037227) -> 0.72365295
A66: ELIZABETH F, INC. | B66: =IFERROR(__xludf.DUMMYFUNCTION("""COMPUTED_VALUE"""),1271.0) -> 1271 | C66: =IFERROR(__xludf.DUMMYFUNCTION("""COMPUTED_VALUE"""),"WALTER N") -> WALTER N | D66: =IFERROR(__xludf.DUMMYFUNCTION("""COMPUTED_VALUE"""),1206262.3914701992) -> 1206262.4 | E66: =IFERROR(__xludf.DUMMYFUNCTION("""COMPUTED_VALUE"""),44636.98553184341) -> 44636.986 | F66: =IFERROR(__xludf.DUMMYFUNCTION("""COMPUTED_VALUE"""),128105.19053300815) -> 128105.19 | G66: =IFERROR(__xludf.DUMMYFUNCTION("""COMPUTED_VALUE"""),21759.896320564654) -> 21759.896 | H66: =IFERROR(__xludf.DUMMYFUNCTION("""COMPUTED_VALUE"""),31963.021505765162) -> 31963.022 | I66: =IFERROR(__xludf.DUMMYFUNCTION("""COMPUTED_VALUE"""),2685.998325741316) -> 2685.9983 | J66: =IFERROR(__xludf.DUMMYFUNCTION("""COMPUTED_VALUE"""),6813.566424824274) -> 6813.5664
A67: ELIZABETH F, INC. | B67: =IFERROR(__xludf.DUMMYFUNCTION("""COMPUTED_VALUE"""),1273.0) -> 1273 | C67: =IFERROR(__xludf.DUMMYFUNCTION("""COMPUTED_VALUE"""),"ELIZABETH F") -> ELIZABETH F | D67: =IFERROR(__xludf.DUMMYFUNCTION("""COMPUTED_VALUE"""),958567.436482931) -> 958567.44 | E67: =IFERROR(__xludf.DUMMYFUNCTION("""COMPUTED_VALUE"""),13554.13663608508) -> 13554.137 | F67: =IFERROR(__xludf.DUMMYFUNCTION("""COMPUTED_VALUE"""),97143.15104685794) -> 97143.151 | G67: =IFERROR(__xludf.DUMMYFUNCTION("""COMPUTED_VALUE"""),16148.431388632327) -> 16148.431 | H67: =IFERROR(__xludf.DUMMYFUNCTION("""COMPUTED_VALUE"""),23720.363927994786) -> 23720.364 | I67: =IFERROR(__xludf.DUMMYFUNCTION("""COMPUTED_VALUE"""),1993.3302546217924) -> 1993.3303 | J67: =IFERROR(__xludf.DUMMYFUNCTION("""COMPUTED_VALUE"""),5056.476754403418) -> 5056.4768
A68: F/V GOLD RUSH FISHERIES LLC | B68: =IFERROR(__xludf.DUMMYFUNCTION("""COMPUTED_VALUE"""),3987.0) -> 3987 | C68: =IFERROR(__xludf.DUMMYFUNCTION("""COMPUTED_VALUE"""),"GOLD RUSH") -> GOLD RUSH | D68: =IFERROR(__xludf.DUMMYFUNCTION("""COMPUTED_VALUE"""),1229003.2646401885) -> 1229003.3 | E68: =IFERROR(__xludf.DUMMYFUNCTION("""COMPUTED_VALUE"""),137688.5785909498) -> 137688.58 | F68: =IFERROR(__xludf.DUMMYFUNCTION("""COMPUTED_VALUE"""),141420.56643738714) -> 141420.57 | G68: =IFERROR(__xludf.DUMMYFUNCTION("""COMPUTED_VALUE"""),26807.884432719802) -> 26807.884 | H68: =IFERROR(__xludf.DUMMYFUNCTION("""COMPUTED_VALUE"""),39377.99031869906) -> 39377.99 | I68: =IFERROR(__xludf.DUMMYFUNCTION("""COMPUTED_VALUE"""),3309.111938869917) -> 3309.1119 | J68: =IFERROR(__xludf.DUMMYFUNCTION("""COMPUTED_VALUE"""),8394.217444810378) -> 8394.2174
A69: COLLIER BROTHERS LLC | B69: =IFERROR(__xludf.DUMMYFUNCTION("""COMPUTED_VALUE"""),1523.0) -> 1523 | C69: =IFERROR(__xludf.DUMMYFUNCTION("""COMPUTED_VALUE"""),"COLLIER BROTHERS") -> COLLIER BROTHERS | D69: =IFERROR(__xludf.DUMMYFUNCTION("""COMPUTED_VALUE"""),605381.8354878388) -> 605381.84 | E69: =IFERROR(__xludf.DUMMYFUNCTION("""COMPUTED_VALUE"""),119332.85386976603) -> 119332.85 | F69: =IFERROR(__xludf.DUMMYFUNCTION("""COMPUTED_VALUE"""),116727.83357412784) -> 116727.83 | G69: =IFERROR(__xludf.DUMMYFUNCTION("""COMPUTED_VALUE"""),16607.74068421746) -> 16607.741 | H69: =IFERROR(__xludf.DUMMYFUNCTION("""COMPUTED_VALUE"""),24395.04144834266) -> 24395.041 | I69: =IFERROR(__xludf.DUMMYFUNCTION("""COMPUTED_VALUE"""),2050.0264805947604) -> 2050.0265 | J69: =IFERROR(__xludf.DUMMYFUNCTION("""COMPUTED_VALUE"""),5200.297954141899) -> 5200.298
A70: Total LLPs | B70: 15 | C70: Total | D70: =SUM(D55:D69) -> 11724976 | E70: =SUM(E55:E69) -> 1739582.3 | F70: =SUM(F55:F69) -> 2823548.6 | G70: =SUM(G55:G69) -> 305396.39 | H70: =SUM(H55:H69) -> 448595.5 | I70: =SUM(I55:I69) -> 37697.523 | J70: =SUM(J55:J69) -> 95627.23

Sheet TAC Diff Tables for Doc
A1: RP Primary and Secondary Species TAC's Comparison between 2025 and 2024 in Metric tons
A3: Table 1. Primary and secondary species TAC 25 vs 24 in metric tons
A4: Species | B4: 2025 | C4: 2024 | D4: % Change 25 vs 24
A5: POP | B5: ='TAC Sector Allocations'!B6 -> 27156 | C5: 28757 | D5: =(B5-C5)/C5 -> -0.055673401
A6: NR | B6: ='TAC Sector Allocations'!B9 -> 3549 | C6: 2280 | D6: =(B6-C6)/C6 -> 0.55657895
A7: Dusky | B7: ='TAC Sector Allocations'!B12 -> 5527 | C7: 7365 | D7: =(B7-C7)/C7 -> -0.24955872
A8: Total Rockfish | B8: =SUM(B5:B7) -> 36232 | C8: =SUM(C5:C7) -> 38402 | D8: =(B8-C8)/C8 -> -0.056507474
A9: P cod | B9: ='TAC Sector Allocations'!B22 -> 14447.25 | C9: 15442 | D9: =(B9-C9)/C9 -> -0.064418469
A10: Sablefish | B10: ='TAC Sector Allocations'!B23 -> 5527 | C10: 9651 | D10: =(B10-C10)/C10 -> -0.42731323
A11: Shortraker | B11: ='TAC Sector Allocations'!B26 -> 189 | C11: 189 | D11: =(B11-C11)/C11 -> 0
A12: Rougheye | B12: ='TAC Sector Allocations'!B27 -> 366 | C12: 315 | D12: =(B12-C12)/C12 -> 0.16190476
A13: Thornyheads | B13: ='TAC Sector Allocations'!B28 -> 590 | C13: 693 | D13: =(B13-C13)/C13 -> -0.14862915
A16: Table 2. 2025 TAC’s and Allocations of Rockfish Program (RP) CQ Species by Sector | F16: (TWO PARTS)
A17: Species | B17: CGOA TAC | C17: ICA | D17: Entry Level (FG) | E17: Rockfish Program TAC | F17: Sector | G17: % Quota Share | H17: 2025 Sector TAC (mt) | I17: 2025 Sector TAC (lbs) | J17: 2024 Sector TAC (lbs) | K17: Change from 2024 (lbs) | L17: % Change from 2024
A18: POP | B18: ='TAC Sector Allocations'!B6 -> 27156 | C18: ='TAC Sector Allocations'!C6 -> 2800 | D18: ='TAC Sector Allocations'!E6 -> 5 | E18: =B18-C18-D18 -> 24351 | F18: CV | G18: 0.608 | H18: 15325 | I18: =H18*2204.62 -> 33785802 | J18: 33848007 | K18: =I18-J18 -> -62205.5 | L18: =(I18-J18)/J18 -> -0.0018377892
F19: CP | G19: 0.392 | H19: 9879 | I19: =H19*2204.62 -> 21779441 | J19: 21821538 | K19: =I19-J19 -> -42097.02 | L19: =(I19-J19)/J19 -> -0.00192915 | N19: The CV and CP sector % changes for each sector should match
A20: NR | B20: ='TAC Sector Allocations'!B9 -> 3549 | C20: ='TAC Sector Allocations'!C9 -> 300 | D20: ='TAC Sector Allocations'!E9 -> 5 | E20: =B20-C20-D20 -> 3244 | F20: CV | G20: 0.5992 | H20: 2022 | I20: =H20*2204.62 -> 4457741.6 | J20: 2608991 | K20: =I20-J20 -> 1848750.6 | L20: =(I20-J20)/J20 -> 0.70860752 | N20: Fiddle with rounding numbers until they do!
F21: CP | G21: 0.401 | H21: 1353 | I21: =H21*2204.62 -> 2982850.9 | J21: 1744977 | K21: =I21-J21 -> 1237873.9 | L21: =(I21-J21)/J21 -> 0.70939265
A22: Dusky | B22: ='TAC Sector Allocations'!B12 -> 5527 | C22: ='TAC Sector Allocations'!C12 -> 250 | D22: ='TAC Sector Allocations'!E12 -> 50 | E22: =B22-C22-D22 -> 5227 | F22: CV | G22: 0.623 | H22: 3436 | I22: =H22*2204.62 -> 7575074.3 | J22: 9703624 | K22: =I22-J22 -> -2128549.7 | L22: =(I22-J22)/J22 -> -0.21935616
F23: CP | G23: 0.377 | H23: 2082 | I23: =H23*2204.62 -> 4590018.8 | J23: 5875965 | K23: =I23-J23 -> -1285946.2 | L23: =(I23-J23)/J23 -> -0.21884851
A24: Primary Rockfish | B24: =SUM(B18:B23) -> 36232 | C24: =SUM(C18:C23) -> 3350 | D24: =SUM(D18:D23) -> 60 | E24: =SUM(E18:E23) -> 32822 | F24: CV | G24: 0.608 | H24: 20742 | I24: =SUM(I18,I20,I22) -> 45818617 | J24: 45965304 | K24: =I24-J24 -> -146686.54 | L24: =(I24-J24)/J24 -> -0.0031912449
F25: CP | G25: 0.392 | H25: 13355 | I25: =SUM(I19,I21,I23) -> 29352311 | J25: 29442480 | K25: =I25-J25 -> -90169.32 | L25: =(I25-J25)/J25 -> -0.0030625586
A26: Total Primary Rockfish CQ: | H26: =SUM(H24:H25) -> 34097 | I26: =H26*2204.62 -> 75170928 | J26: 75407784 | K26: =I26-J26 -> -236855.86 | L26: =(I26-J26)/J26 -> -0.0031410001
A28: Species | B28: CGOA TAC | C28: Sector | D28: % Quota Share | E28: 2025 Sector TAC (mt) | F28: 2025 Sector TAC (lbs) | G28: 2024 Sector TAC (lbs) | H28: Change from 2024 (lbs) | I28: % Change from 2024
A29: Pacific Cod | B29: ='TAC Sector Allocations'!B22 -> 14447.25 | C29: CV (only) | D29: 0.0381 | E29: =15380*D29 -> 585.978 | F29: =E29*2204.62 -> 1291858.8 | G29: 1297067 | H29: =F29-G29 -> -5208.1816 | I29: =(F29-G29)/G29 -> -0.0040153528 | K29: *Just like in TAC Sector Allocations, in column E in you need to multiply by hand each year the round CGOA TAC number times the %quota share.
A30: Sablefish | B30: ='TAC Sector Allocations'!B23 -> 5527 | C30: CV | D30: 0.0678 | E30: =9744*D30 -> 660.6432 | F30: =E30*2204.62 -> 1456467.2 | G30: 1442566 | H30: =F30-G30 -> 13901.212 | I30: =(F30-G30)/G30 -> 0.0096364475
C31: CP | D31: 0.0351 | E31: =9744*D31 -> 342.0144 | F31: =E31*2204.62 -> 754011.79 | G31: 746815 | H31: =F31-G31 -> 7196.7865 | I31: =(F31-G31)/G31 -> 0.009636639
A32: Shortraker | B32: ='TAC Sector Allocations'!B26 -> 189 | C32: CP (only) | D32: 0.4 | E32: =189*D32 -> 75.6 | F32: =E32*2204.62 -> 166669.27 | G32: 166669 | H32: =F32-G32 -> 0.272 | I32: =(F32-G32)/G32 -> 1.6319772e-06
A33: Rougheye | B33: ='TAC Sector Allocations'!B27 -> 366 | C33: CP (only) | D33: 0.5887 | E33: =359*D33 -> 211.3433 | F33: =E33*2204.62 -> 465931.67 | G33: 406622 | H33: =F33-G33 -> 59309.666 | I33: =(F33-G33)/G33 -> 0.14585946
A34: Thornyhead | B34: ='TAC Sector Allocations'!B28 -> 590 | C34: CV | D34: 0.0784 | E34: =590*D34 -> 46.256 | F34: =E34*2204.62 -> 101976.9 | G34: 119780 | H34: =F34-G34 -> -17803.097 | I34: =(F34-G34)/G34 -> -0.14863164
C35: CP | D35: 0.265 | E35: =590*D35 -> 156.35 | F35: =E35*2204.62 -> 344692.34 | G35: 404867 | H35: =F35-G35 -> -60174.663 | I35: =(F35-G35)/G35 -> -0.14862822
A36: Halibut | B36: ='TAC Sector Allocations'!B37 -> 134.1 | C36: CV | D36: 0.875 | E36: =134.1*D36 -> 117.3375 | F36: =E36*2204.62 -> 258684.6 | G36: 258685 | H36: =F36-G36 -> -0.40075 | I36: =(F36-G36)/G36 -> -1.5491814e-06
B37: ='TAC Sector Allocations'!B38 -> 84.7 | C37: CP | D37: 0.875 | E37: =84.7*D37 -> 74.1125 | F37: =E37*2204.62 -> 163389.9 | G37: 163390 | H37: =F37-G37 -> -0.10025 | I37: =(F37-G37)/G37 -> -6.1356264e-07
A39: Table 3. Central GOA ICA's for RP rockfish species by year (mt) | J39: This table is the simplified version of the table above that goes in the last weekly update before the RP opens each year. It autofills from above, then is directly linked to the right handside of the GOA weekly update tab next to the RP stuff.
A40: ='TAC Sector Allocations'!U4 -> ICA's | B40: ='TAC Sector Allocations'!V4 -> POP | C40: ='TAC Sector Allocations'!W4 -> NR | D40: ='TAC Sector Allocations'!X4 -> Dusky | F40: Table X. CGOA RP CV and CP Quotas Current Year vs Previous Year (mt)
A41: ='TAC Sector Allocations'!U5 -> 2012 | B41: ='TAC Sector Allocations'!V5 -> 900 | C41: ='TAC Sector Allocations'!W5 -> 125 | D41: ='TAC Sector Allocations'!X5 -> 125 | F41: CV Coop | G41: POP | H41: Northern | I41: Dusky | J41: Sablefish | K41: Cod | M41: Thornyhead | N41: Halibut
A42: ='TAC Sector Allocations'!U6 -> 2013 | B42: ='TAC Sector Allocations'!V6 -> 900 | C42: ='TAC Sector Allocations'!W6 -> 125 | D42: ='TAC Sector Allocations'!X6 -> 200 | F42: 2025 Quota | G42: =H18 -> 15325 | H42: =H20 -> 2022 | I42: =H22 -> 3436 | J42: =E30 -> 660.6432 | K42: =E29 -> 585.978 | M42: =E34 -> 46.256 | N42: =E36 -> 117.3375
A43: ='TAC Sector Allocations'!U7 -> 2014 | B43: ='TAC Sector Allocations'!V7 -> 1200 | C43: ='TAC Sector Allocations'!W7 -> 200 | D43: ='TAC Sector Allocations'!X7 -> 200 | F43: 2024 Quota | G43: =J18/2204.62 -> 15353.216 | H43: =J20/2204.62 -> 1183.4198 | I43: =J22/2204.62 -> 4401.495 | J43: =G30/2204.62 -> 654.33771 | K43: =G29/2204.62 -> 588.34039 | M43: =G34/2204.62 -> 54.331359 | N43: =G36/2204.62 -> 117.33768
A44: ='TAC Sector Allocations'!U8 -> 2015 | B44: ='TAC Sector Allocations'!V8 -> 2000 | C44: ='TAC Sector Allocations'!W8 -> 200 | D44: ='TAC Sector Allocations'!X8 -> 250 | F44: Difference | G44: =G42-G43 -> -28.215974 | H44: =H42-H43 -> 838.58018 | I44: =I42-I43 -> -965.49504 | J44: =J42-J43 -> 6.305491 | K44: =K42-K43 -> -2.3623943 | M44: =M42-M43 -> -8.0753587 | N44: =N42-N43 -> -0.00018177736
A45: ='TAC Sector Allocations'!U9 -> 2016 | B45: ='TAC Sector Allocations'!V9 -> 1500 | C45: ='TAC Sector Allocations'!W9 -> 300 | D45: ='TAC Sector Allocations'!X9 -> 250 | F45: % Difference | G45: =L18 -> -0.0018377892 | H45: =L20 -> 0.70860752 | I45: =L22 -> -0.21935616 | J45: =I30 -> 0.0096364475 | K45: =I29 -> -0.0040153528 | M45: =I34 -> -0.14863164 | N45: =I36 -> -1.5491814e-06
A46: ='TAC Sector Allocations'!U10 -> 2017 | B46: ='TAC Sector Allocations'!V10 -> 2000 | C46: ='TAC Sector Allocations'!W10 -> 300 | D46: ='TAC Sector Allocations'!X10 -> 250
A47: ='TAC Sector Allocations'!U11 -> 2018 | B47: ='TAC Sector Allocations'!V11 -> 4000 | C47: ='TAC Sector Allocations'!W11 -> 300 | D47: ='TAC Sector Allocations'!X11 -> 250 | F47: CP Coop | G47: POP | H47: Northern | I47: Dusky | J47: Sablefish | K47: Shortraker | L47: Rougheye | M47: Thornyhead | N47: Halibut
A48: ='TAC Sector Allocations'!U12 -> 2019 | B48: ='TAC Sector Allocations'!V12 -> 3000 | C48: ='TAC Sector Allocations'!W12 -> 300 | D48: ='TAC Sector Allocations'!X12 -> 250 | F48: 2025 Quota | G48: =H19 -> 9879 | H48: =H21 -> 1353 | I48: =H23 -> 2082 | J48: =E31 -> 342.0144 | K48: =E32 -> 75.6 | L48: =E33 -> 211.3433 | M48: =E35 -> 156.35 | N48: =E37 -> 74.1125
A49: ='TAC Sector Allocations'!U13 -> 2020 | B49: ='TAC Sector Allocations'!V13 -> 3000 | C49: ='TAC Sector Allocations'!W13 -> 300 | D49: ='TAC Sector Allocations'!X13 -> 250 | F49: 2024 Quota | G49: =J19/2204.62 -> 9898.0949 | H49: =J21/2204.62 -> 791.50919 | I49: =J23/2204.62 -> 2665.2961 | J49: =G31/2204.62 -> 338.74999 | K49: =G32/2204.62 -> 75.599877 | L49: =G33/2204.62 -> 184.44086 | M49: =G35/2204.62 -> 183.6448 | N49: =G37/2204.62 -> 74.112545
A50: ='TAC Sector Allocations'!U14 -> 2021 | B50: ='TAC Sector Allocations'!V14 -> 2500 | C50: ='TAC Sector Allocations'!W14 -> 300 | D50: ='TAC Sector Allocations'!X14 -> 250 | F50: Difference | G50: =G48-G49 -> -19.09491 | H50: =H48-H49 -> 561.49081 | I50: =I48-I49 -> -583.29606 | J50: =J48-J49 -> 3.2644113 | K50: =K48-K49 -> 0.00012337727 | L50: =L48-L49 -> 26.902444 | M50: =M48-M49 -> -27.2948 | N50: =N48-N49 -> -4.5472689e-05
A51: ='TAC Sector Allocations'!U15 -> 2022 | B51: ='TAC Sector Allocations'!V15 -> 2500 | C51: ='TAC Sector Allocations'!W15 -> 300 | D51: ='TAC Sector Allocations'!X15 -> 250 | F51: % Difference | G51: =L19 -> -0.00192915 | H51: =L21 -> 0.70939265 | I51: =L23 -> -0.21884851 | J51: =I31 -> 0.009636639 | K51: =I32 -> 1.6319772e-06 | L51: =I33 -> 0.14585946 | M51: =I35 -> -0.14862822 | N51: =I37 -> -6.1356264e-07
A52: ='TAC Sector Allocations'!U16 -> 2023 | B52: ='TAC Sector Allocations'!V16 -> 3000 | C52: ='TAC Sector Allocations'!W16 -> 300 | D52: ='TAC Sector Allocations'!X16 -> 250
A53: ='TAC Sector Allocations'!U17 -> 2024 | B53: ='TAC Sector Allocations'!V17 -> 3500 | C53: ='TAC Sector Allocations'!W17 -> 300 | D53: ='TAC Sector Allocations'!X17 -> 250
A54: ='TAC Sector Allocations'!U18 -> 2025 | B54: ='TAC Sector Allocations'!V18 -> 3500 | C54: ='TAC Sector Allocations'!W18 -> 300 | D54: ='TAC Sector Allocations'!X18 -> 250
A57: Table 4. POP Catch Towards ICA
A58: YEAR | B58: POP ICA | C58: Catch | D58: Remaining
A59: 2017 | B59: 2000 | C59: 4449 | D59: =B59-C59 -> -2449
A60: 2018 | B60: 4000 | C60: 2338 | D60: =B60-C60 -> 1662
A61: 2019 | B61: 3000 | C61: 2536 | D61: =B61-C61 -> 464
A62: 2020 | B62: 3000 | C62: 2093 | D62: =B62-C62 -> 907
A63: 2021 | B63: 2500 | C63: 1297 | D63: =B63-C63 -> 1203
A64: 2022 | B64: 2500 | C64: 2823 | D64: =B64-C64 -> -323
A65: 2023 | B65: 3000 | C65: 2626 | D65: =B65-C65 -> 374
A66: 2024 | B66: 3500 | C66: 160 | D66: =B66-C66 -> 3340 | E66: =C66/B66 -> 0.045714286
A67: 2025 | B67: 3500 | C67: n/a | D67: n/a
A68: Average 2017-2024 | B68: =AVERAGE(B59:B66) -> 2937.5 | C68: =AVERAGE(C59:C66) -> 2290.25 | D68: =AVERAGE(D59:D66) -> 647.25

Sheet CP Coop Sector Alloc
A1: CP Sector Allocations | J1: 2204.62 | L1: Updated and proofed for 2025 on 2/26
A2: Rockfish QS | K2: 2025 CP Allocations (mt) AGDB
A3: CP SECTOR | B3: POP | C3: NR | D3: DUSKY | E3: TOTAL | L3: POP | M3: NR | N3: Dusky | O3: Sable | P3: Shortraker | Q3: Rougheye | R3: Thornyhd | S3: Halibut
A4: BUC | B4: ='CP Primary Allocations by LLP'!C18 -> 40003505 | C4: ='CP Primary Allocations by LLP'!D18 -> 19148863 | D4: ='CP Primary Allocations by LLP'!E18 -> 12163508 | E4: =SUM(B4:D4) -> 71315876 | K4: BUC Co-op | L4: =F11 -> 9544.9276 | M4: =F12 -> 1352.5792 | N4: =F13 -> 2081.6849 | O4: ='CP Secondary and PSC Alloc'!C5 -> 193.9977 | P4: ='CP Secondary and PSC Alloc'!C6 -> 75.6 | Q4: ='CP Secondary and PSC Alloc'!C7 -> 215.4642 | R4: ='CP Secondary and PSC Alloc'!C8 -> 156.35 | S4: ='CP Secondary and PSC Alloc'!C9 -> 74.1125
A5: OH/OP | B5: 0 | C5: 0 | D5: 0 | E5: 0
A6: TOTAL | B6: =SUM(B4:B5) -> 40003505 | C6: =SUM(C4:C5) -> 19148863 | D6: =SUM(D4:D5) -> 12163508 | E6: =SUM(E4:E5) -> 71315876 | K6: NMFS
L7: POP | M7: NR | N7: Dusky | O7: Sable | P7: Shortraker | Q7: Rougheye | R7: Thornyhd | S7: Halibut
K8: BUC Co-op | L8: 9898.095 | M8: 791.509 | N8: 2665.296 | O8: 338.75 | P8: 75.6 | Q8: 185.441 | R8: 183.645 | S8: 74.1
A9: BUC CP coop
A10: SPECIES | B10: CP sector TAC | C10: BUC QS | D10: Total QS | E10: % OF TAC | F10: MT | G10: LBS | K10: Diff
A11: POP | B11: ='TAC Sector Allocations'!J7 -> 9544.9276 | C11: =B4 -> 40003505 | D11: =SUM(B4:B5) -> 40003505 | E11: =C11/D11 -> 1 | F11: =E11*B11 -> 9544.9276 | G11: =+F11*$J$1 -> 21042938 | L11: POP | M11: NR | N11: Dusky | O11: Sable | P11: Shortraker | Q11: Rougheye | R11: Thornyhd | S11: Halibut
A12: NR | B12: ='TAC Sector Allocations'!J10 -> 1352.5792 | C12: =C4 -> 19148863 | D12: =SUM(C4:C5) -> 19148863 | E12: =C12/D12 -> 1 | F12: =E12*B12 -> 1352.5792 | G12: =+F12*$J$1 -> 2981923.2 | K12: BUC Co-op | L12: =L4-L8 -> -353.16739 | M12: =M4-M8 -> 561.07021 | N12: =N4-N8 -> -583.61107 | O12: =O4-O8 -> -144.7523 | P12: =P4-P8 -> 0 | Q12: =Q4-Q8 -> 30.0232 | R12: =R4-R8 -> -27.295 | S12: =S4-S8 -> 0.0125
A13: DUSKY | B13: ='TAC Sector Allocations'!J13 -> 2081.6849 | C13: =D4 -> 12163508 | D13: =SUM(D4:D5) -> 12163508 | E13: =C13/D13 -> 1 | F13: =E13*B13 -> 2081.6849 | G13: =+F13*$J$1 -> 4589324.2
A14: Total | B14: =SUM(B11:B13) -> 12979.192 | C14: =SUM(C11:C13) -> 71315876 | D14: =SUM(D11:D13) -> 71315876 | E14: =+C14/D14 -> 1 | F14: =SUM(F11:F13) -> 12979.192 | G14: =SUM(G11:G13) -> 28614186
A16: Ohara/Ocean Peace CP coop
A17: SPECIES | B17: CP sector TAC | C17: OH/OP QS | D17: Total QS | E17: % OF TAC | F17: MT | G17: LBS
A18: POP | B18: ='TAC Sector Allocations'!J7 -> 9544.9276 | C18: =B5 -> 0 | D18: =B6 -> 40003505 | E18: =C18/D18 -> 0 | F18: =E18*B18 -> 0 | G18: =+F18*$J$1 -> 0
A19: NR | B19: ='TAC Sector Allocations'!J10 -> 1352.5792 | C19: =C5 -> 0 | D19: =C6 -> 19148863 | E19: =C19/D19 -> 0 | F19: =E19*B19 -> 0 | G19: =+F19*$J$1 -> 0
A20: DUSKY | B20: ='TAC Sector Allocations'!J13 -> 2081.6849 | C20: =D5 -> 0 | D20: =D6 -> 12163508 | E20: =C20/D20 -> 0 | F20: =E20*B20 -> 0 | G20: =+F20*$J$1 -> 0
A21: Total | B21: =SUM(B18:B20) -> 12979.192 | C21: =SUM(C18:C20) -> 0 | D21: =SUM(D18:D20) -> 71315876 | E21: =+C21/D21 -> 0 | F21: =SUM(F18:F20) -> 0 | G21: =SUM(G18:G20) -> 0

Sheet CP Primary Allocations by LLP
A1: CP Primary Allocations by LLP | I1: Updated and proofed for 2025 on 2/26 | Q1: 2204.62
A4: BUC Rockfish Cooperative | Q4: 25 CP TAC | R4: QS POOL | S4: CP TAC lbs
A5: LLP | B5: Coop Vessel | C5: QS UNITS | G5: 2025 TAC - METRIC TONS | K5: 2025 TAC - POUNDS | P5: POP | Q5: ='TAC Sector Allocations'!J7 -> 9544.9276 | R5: ='TAC Sector Allocations'!H7 -> 40003505 | S5: =Q5*2204.62 -> 21042938
C6: POP | D6: NR | E6: DUSKY | F6: TOTAL | G6: POP | H6: NR | I6: DUSKY | J6: TOTAL | K6: POP | L6: NR | M6: DUSKY | N6: TOTAL | P6: NR | Q6: ='TAC Sector Allocations'!J10 -> 1352.5792 | R6: ='TAC Sector Allocations'!H10 -> 19148863 | S6: =Q6*2204.62 -> 2981923.2
A7: 2014 | B7: SEAFISHER | C7: 1947050 | D7: 3639283 | E7: 1549825 | F7: =SUM(C7:E7) -> 7136158 | G7: =+C7/$R$5*$Q$5 -> 464.57057 | H7: =+D7/$R$6*$Q$6 -> 257.06062 | I7: =+E7/$R$7*$Q$7 -> 265.23988 | J7: =SUM(G7:I7) -> 986.87107 | K7: =+G7*$Q$1 -> 1024201.6 | L7: =+H7*$Q$1 -> 566720.97 | M7: =+I7*$Q$1 -> 584753.13 | N7: =SUM(K7:M7) -> 2175675.7 | P7: DUSKY | Q7: ='TAC Sector Allocations'!J13 -> 2081.6849 | R7: ='TAC Sector Allocations'!H13 -> 12163508 | S7: =Q7*2204.62 -> 4589324.2
A8: 3838 | B8: FORUM STAR | C8: 94932 | D8: 127580 | E8: 363276 | F8: =SUM(C8:E8) -> 585788 | G8: =+C8/$R$5*$Q$5 -> 22.650992 | H8: =+D8/$R$6*$Q$6 -> 9.0116084 | I8: =+E8/$R$7*$Q$7 -> 62.171717 | J8: =SUM(G8:I8) -> 93.834317 | K8: =+G8*$Q$1 -> 49936.83 | L8: =+H8*$Q$1 -> 19867.172 | M8: =+I8*$Q$1 -> 137065.01 | N8: =SUM(K8:M8) -> 206869.01 | P8: Total | Q8: =SUM(Q5:Q7) -> 12979.192 | R8: =SUM(R5:R7) -> 71315876 | S8: =SUM(S5:S7) -> 28614186
A9: 3043 | B9: ALASKA SPIRIT | C9: 8821773 | D9: 2324444 | E9: 927189 | F9: =SUM(C9:E9) -> 12073406 | G9: =+C9/$R$5*$Q$5 -> 2104.8952 | H9: =+D9/$R$6*$Q$6 -> 164.18701 | I9: =+E9/$R$7*$Q$7 -> 158.68082 | J9: =SUM(G9:I9) -> 2427.763 | K9: =+G9*$Q$1 -> 4640494 | L9: =+H9*$Q$1 -> 361969.97 | M9: =+I9*$Q$1 -> 349830.9 | N9: =SUM(K9:M9) -> 5352294.9
A10: 2080 | B10: ALASKA VICTORY | C10: 10401999 | D10: 1969250 | E10: 956646 | F10: =SUM(C10:E10) -> 13327895 | G10: =+C10/$R$5*$Q$5 -> 2481.9407 | H10: =+D10/$R$6*$Q$6 -> 139.0979 | I10: =+E10/$R$7*$Q$7 -> 163.72214 | J10: =SUM(G10:I10) -> 2784.7607 | K10: =+G10*$Q$1 -> 5471736.1 | L10: =+H10*$Q$1 -> 306658.01 | M10: =+I10*$Q$1 -> 360945.1 | N10: =SUM(K10:M10) -> 6139339.2
A11: 2083 | B11: ARAHO | C11: 5996558 | D11: 1928818 | E11: 544576 | F11: =SUM(C11:E11) -> 8469952 | G11: =+C11/$R$5*$Q$5 -> 1430.7924 | H11: =+D11/$R$6*$Q$6 -> 136.24199 | I11: =+E11/$R$7*$Q$7 -> 93.199729 | J11: =SUM(G11:I11) -> 1660.2341 | K11: =+G11*$Q$1 -> 3154353.6 | L11: =+H11*$Q$1 -> 300361.81 | M11: =+I11*$Q$1 -> 205469.99 | N11: =SUM(K11:M11) -> 3660185.4
A12: 2905 | B12: LEGACY | C12: 86244 | D12: 73488 | E12: 20997 | F12: =SUM(C12:E12) -> 180729 | G12: =+C12/$R$5*$Q$5 -> 20.578015 | H12: =+D12/$R$6*$Q$6 -> 5.1908221 | I12: =+E12/$R$7*$Q$7 -> 3.5934649 | J12: =SUM(G12:I12) -> 29.362302 | K12: =+G12*$Q$1 -> 45366.704 | L12: =+H12*$Q$1 -> 11443.79 | M12: =+I12*$Q$1 -> 7922.2245 | N12: =SUM(K12:M12) -> 64732.719
A13: 2028 | B13: AMERICA'S FINEST | C13: 5647277 | D13: 3570989 | E13: 3365798 | F13: =SUM(C13:E13) -> 12584064 | G13: =+C13/$R$5*$Q$5 -> 1347.4532 | H13: =+D13/$R$6*$Q$6 -> 252.23667 | I13: =+E13/$R$7*$Q$7 -> 576.0288 | J13: =SUM(G13:I13) -> 2175.7187 | K13: =+G13*$Q$1 -> 2970622.2 | L13: =+H13*$Q$1 -> 556086.01 | M13: =+I13*$Q$1 -> 1269924.6 | N13: =SUM(K13:M13) -> 4796632.9
A14: 1802 | B14: LEGACY | C14: 168165 | D14: 127580 | E14: 366125 | F14: =SUM(C14:E14) -> 661870 | G14: =+C14/$R$5*$Q$5 -> 40.124553 | H14: =+D14/$R$6*$Q$6 -> 9.0116084 | I14: =+E14/$R$7*$Q$7 -> 62.6593 | J14: =SUM(G14:I14) -> 111.79546 | K14: =+G14*$Q$1 -> 88459.392 | L14: =+H14*$Q$1 -> 19867.172 | M14: =+I14*$Q$1 -> 138139.95 | N14: =SUM(K14:M14) -> 246466.51
A15: 4360 | B15: CAPE FLATTERY | C15: 209508 | D15: 78466 | E15: 39753 | F15: =SUM(C15:E15) -> 327727 | G15: =+C15/$R$5*$Q$5 -> 49.989087 | H15: =+D15/$R$6*$Q$6 -> 5.5424429 | I15: =+E15/$R$7*$Q$7 -> 6.8034009 | J15: =SUM(G15:I15) -> 62.334931 | K15: =+G15*$Q$1 -> 110206.94 | L15: =+H15*$Q$1 -> 12218.98 | M15: =+I15*$Q$1 -> 14998.914 | N15: =SUM(K15:M15) -> 137424.84
A16: 3957 | B16: UNIMAK | C16: 0 | D16: 218621 | E16: 254124 | F16: =SUM(C16:E16) -> 472745 | G16: =+C16/$R$5*$Q$5 -> 0 | H16: =+D16/$R$6*$Q$6 -> 15.442286 | I16: =+E16/$R$7*$Q$7 -> 43.491245 | J16: =SUM(G16:I16) -> 58.933531 | K16: =+G16*$Q$1 -> 0 | L16: =+H16*$Q$1 -> 34044.373 | M16: =+I16*$Q$1 -> 95881.668 | N16: =SUM(K16:M16) -> 129926.04
A17: 3662 | B17: US INTREPID | C17: 6629999 | D17: 5090344 | E17: 3775199 | F17: =SUM(C17:E17) -> 15495542 | G17: =+C17/$R$5*$Q$5 -> 1581.9329 | H17: =+D17/$R$6*$Q$6 -> 359.55625 | I17: =+E17/$R$7*$Q$7 -> 646.09444 | J17: =SUM(G17:I17) -> 2587.5836 | K17: =+G17*$Q$1 -> 3487560.9 | L17: =+H17*$Q$1 -> 792684.91 | M17: =+I17*$Q$1 -> 1424392.7 | N17: =SUM(K17:M17) -> 5704638.5
A18: TOTAL | C18: =SUM(C7:C17) -> 40003505 | D18: =SUM(D7:D17) -> 19148863 | E18: =SUM(E7:E17) -> 12163508 | F18: =SUM(F7:F17) -> 71315876 | G18: =SUM(G7:G17) -> 9544.9276 | H18: =SUM(H7:H17) -> 1352.5792 | I18: =SUM(I7:I17) -> 2081.6849 | J18: =SUM(J7:J17) -> 12979.192 | ... N18: =SUM(N7:N17) -> 28614186
A25: LLP | B25: 2018 Vessel | C25: LICENSE | D25: 2019 | E25: 2020 | F25: LICENSEE NAME | G25: ADDRESS_1 | N25: %
A26: 2014 | B26: Seafisher | C26: LLG2080 | D26: ALASKA VICTORY | E26: ALASKA VICTORY | F26: AK VICTORY INC. | G26: 4201 21ST AVE WEST | L26: Ohara | M26: =J11+J9 -> 4087.9971 | N26: =M26/$M$36 -> 0.31496546 | Q26: LLG2080 | R26: ALASKA VICTORY
A27: 3838 | B27: - | C27: LLG2905 | D27: LEGACY | E27: LEGACY | F27: ALASKA LEGACY LLC | G27: 1801 FAIRVIEW AVENUE EAST STE 100 | L27: US Seafoods | M27: =J12+J15+J14 -> 203.49269 | N27: =M27/$M$36 -> 0.01567838 | Q27: LLG2905 | R27: LEGACY
A28: 3043 | B28: Alaska Spirit | C28: LLG2028 | D28: FV AMERICAS FINEST | E28: FV AMERICAS FINEST | F28: AMERICA'S FINEST FISHING LLC | G28: 570 KIRKLAND WAY SUITE 200 | L28: Fishermens finest | M28: =J13+J17 -> 4763.3022 | N28: =M28/$M$36 -> 0.36699529 | Q28: LLG2028 | R28: FV AMERICAS FINEST
A29: 2080 | B29: Alaska Victory | C29: LLG3838 | D29: FORUM STAR | E29: FORUM STAR | F29: AMERICAN SEAFOODS CO LLC. | G29: 2025 1ST AVE STE 900 | L29: AM Seafoods | M29: =J8 -> 93.834317 | N29: =M29/$M$36 -> 0.0072295963 | Q29: LLG3838 | R29: FORUM STAR
A30: 2083 | B30: Araho | C30: LLG4360 | D30: CAPE FLATTERY | E30: CAPE FLATTERY | F30: CAPE FLATTERY WASHINGTON LLC | G30: 1801 FAIRVIEW AVENUE EAST SUITE 100 | L30: OP | M30: =J10+J7 -> 3771.6318 | N30: =M30/$M$36 -> 0.29059065 | Q30: LLG4360 | R30: CAPE FLATTERY
A31: 2905 | B31: Legacy | C31: LLG2014 | D31: SEAFISHER | E31: SEAFISHER | F31: M/V SAVAGE INC. | G31: 4201 21ST AVENUE WEST | L31: Unimak | M31: =J16 -> 58.933531 | N31: =M31/$M$36 -> 0.0045406164 | Q31: LLG2014 | R31: SEAFISHER
A32: 2028 | B32: American No. 1 | C32: LLG3043 | D32: ALASKA SPIRIT | E32: ALASKA SPIRIT | F32: O'HARA CORPORATION | G32: 120 TILLSON AVE STE 1 | Q32: LLG2083 | R32: ARAHO
A33: 1802 | B33: Seafreeze America | C33: LLG2083 | D33: ARAHO | E33: ARAHO | F33: O'HARA CORPORATION | G33: 120 TILLSON AVE STE 1 | Q33: LLG3043 | R33: ALASKA SPIRIT
A34: 4360 | B34: Cape Flattery | C34: LLG1802 | D34: SEAFREEZE AMERICA | E34: LEGACY | F34: SEAFREEZE AMERICA LLC | G34: 1801 FAIRVIEW AVENUE EAST #100 | Q34: LLG1802 | R34: LEGACY
A35: 3957 | B35: Unimak | C35: LLG3662 | D35: US INTREPID | E35: US INTREPID | F35: U.S. FISHING L.L.C. | G35: 570 KIRKLAND WAY STE. 200 | Q35: LLG3662 | R35: US INTREPID
A36: 3662 | B36: US Intrepid | C36: LLG3957 | D36: UNIMAK | E36: UNIMAK | F36: UNIMAK VESSEL LLC | G36: 2320 WEST COMMADOR WAY STE. 200 | M36: =SUM(M26:M35) -> 12979.192 | N36: =SUM(N26:N35) -> 1 | Q36: LLG3957 | R36: UNIMAK

Sheet CP Secondary and PSC Alloc
A1: CP Secondary and PSC allocations by LLP | I1: Updated and proofed for 2024 on 4/11
A4: Species | B4: CP sector | C4: BUC
A5: Sablefish | B5: ='TAC Sector Allocations'!F24 -> 193.9977 | C5: =C13/2204.62 -> 193.9977
A6: Shortraker | B6: ='TAC Sector Allocations'!F26 -> 75.6 | C6: =C14/2204.62 -> 75.6
A7: Rougheye | B7: ='TAC Sector Allocations'!F27 -> 215.4642 | C7: =C15/2204.62 -> 215.4642
A8: Thornyhead | B8: ='TAC Sector Allocations'!F29 -> 156.35 | C8: =C16/2204.62 -> 156.35
A9: Halibut | B9: ='TAC Sector Allocations'!F38 -> 74.1125 | C9: =C17/2204.62 -> 74.1125
A11: Secondary Species + Halibut PSC - Pounds
A12: Species | B12: CP sector | C12: BUC
A13: Sablefish | B13: =B5*2204.62 -> 427691.21 | C13: =SUM(H23:H33) -> 427691.21
A14: Shortraker | B14: =B6*2204.62 -> 166669.27 | C14: =SUM(I23:I33) -> 166669.27
A15: Rougheye | B15: =B7*2204.62 -> 475016.68 | C15: =SUM(J23:J33) -> 475016.68
A16: Thornyhead | B16: =B8*2204.62 -> 344692.34 | C16: =SUM(K23:K33) -> 344692.34
A17: Halibut | B17: =B9*2204.62 -> 163389.9 | C17: =SUM(L23:L33) -> 163389.9
A21: LLP | B21: Original Vessel | C21: QS UNITS | G21: TOT % CP POOL | H21: Secondary Species + Halibut in pounds
C22: POP | D22: NR | E22: DUSKY | F22: TOTAL | H22: Sablefish | I22: Shortraker | J22: Rougheye | K22: Thornyhd | L22: Halibut
A23: 2014 | B23: SEAFISHER | C23: 1947050 | D23: 3639283 | E23: 1549825 | F23: =SUM(C23:E23) -> 7136158 | G23: =+F23/'Alloc by Sector'!$C$11 -> 0.10006409 | H23: =G23*$B$13 -> 42796.53 | I23: =+G23*$B$14 -> 16677.608 | J23: =G23*$B$15 -> 47532.111 | K23: =G23*$B$16 -> 34491.324 | L23: =G23*$B$17 -> 16349.461
A24: 3838 | B24: FORUM STAR | C24: 94932 | D24: 127580 | E24: 363276 | F24: =SUM(C24:E24) -> 585788 | G24: =+F24/'Alloc by Sector'!$C$11 -> 0.0082139915 | H24: =G24*$B$13 -> 3513.052 | I24: =+G24*$B$14 -> 1369.02 | J24: =G24*$B$15 -> 3901.783 | K24: =G24*$B$16 -> 2831.2999 | L24: =G24*$B$17 -> 1342.0832
A25: 3043 | B25: ALASKA SPIRIT | C25: 8821773 | D25: 2324444 | E25: 927189 | F25: =SUM(C25:E25) -> 12073406 | G25: =+F25/'Alloc by Sector'!$C$11 -> 0.16929479 | H25: =G25*$B$13 -> 72405.892 | I25: =+G25*$B$14 -> 28216.239 | J25: =G25*$B$15 -> 80417.848 | K25: =G25*$B$16 -> 58354.616 | L25: =G25*$B$17 -> 27661.058
A26: 2080 | B26: ALASKA VICTORY | C26: 10401999 | D26: 1969250 | E26: 956646 | F26: =SUM(C26:E26) -> 13327895 | G26: =+F26/'Alloc by Sector'!$C$11 -> 0.18688539 | H26: =G26*$B$13 -> 79929.237 | I26: =+G26*$B$14 -> 31148.051 | J26: =G26*$B$15 -> 88773.676 | K26: =G26*$B$16 -> 64417.96 | L26: =G26*$B$17 -> 30535.184
A27: 2083 | B27: ARAHO | C27: 5996558 | D27: 1928818 | E27: 544576 | F27: =SUM(C27:E27) -> 8469952 | G27: =+F27/'Alloc by Sector'!$C$11 -> 0.11876671 | H27: =G27*$B$13 -> 50795.478 | I27: =+G27*$B$14 -> 19794.761 | J27: =G27*$B$15 -> 56416.169 | K27: =G27*$B$16 -> 40937.975 | L27: =G27*$B$17 -> 19405.281
A28: 2905 | B28: LEGACY | C28: 86244 | D28: 73488 | E28: 20997 | F28: =SUM(C28:E28) -> 180729 | G28: =+F28/'Alloc by Sector'!$C$11 -> 0.0025342043 | H28: =G28*$B$13 -> 1083.8569 | I28: =+G28*$B$14 -> 422.37399 | J28: =G28*$B$15 -> 1203.7893 | K28: =G28*$B$16 -> 873.5208 | L28: =G28*$B$17 -> 414.06339
A29: 2028 | B29: AMERICA'S FINEST | C29: 5647277 | D29: 3570989 | E29: 3365798 | F29: =SUM(C29:E29) -> 12584064 | G29: =+F29/'Alloc by Sector'!$C$11 -> 0.1764553 | H29: =G29*$B$13 -> 75468.379 | I29: =+G29*$B$14 -> 29409.676 | J29: =G29*$B$15 -> 83819.21 | K29: =G29*$B$16 -> 60822.788 | L29: =G29*$B$17 -> 28831.013
A30: 1802 | B30: LEGACY | C30: 168165 | D30: 127580 | E30: 366125 | F30: =SUM(C30:E30) -> 661870 | G30: =+F30/'Alloc by Sector'!$C$11 -> 0.0092808227 | H30: =G30*$B$13 -> 3969.3263 | I30: =+G30*$B$14 -> 1546.828 | J30: =G30*$B$15 -> 4408.5456 | K30: =G30*$B$16 -> 3199.0285 | L30: =G30*$B$17 -> 1516.3927
A31: 4360 | B31: CAPE FLATTERY | C31: 209508 | D31: 78466 | E31: 39753 | F31: =SUM(C31:E31) -> 327727 | G31: =+F31/'Alloc by Sector'!$C$11 -> 0.0045954284 | H31: =G31*$B$13 -> 1965.4243 | I31: =+G31*$B$14 -> 765.9167 | J31: =G31*$B$15 -> 2182.9052 | K31: =G31*$B$16 -> 1584.0089 | L31: =G31*$B$17 -> 750.84658
A32: 3957 | B32: UNIMAK | C32: 0 | D32: 218621 | E32: 254124 | F32: =SUM(C32:E32) -> 472745 | G32: =+F32/'Alloc by Sector'!$C$11 -> 0.0066288886 | H32: =G32*$B$13 -> 2835.1174 | I32: =+G32*$B$14 -> 1104.832 | J32: =G32*$B$15 -> 3148.8327 | K32: =G32*$B$16 -> 2284.9271 | L32: =G32*$B$17 -> 1083.0935
A33: 3662 | B33: US INTREPID | C33: 6629999 | D33: 5090344 | E33: 3775199 | F33: =SUM(C33:E33) -> 15495542 | G33: =+F33/'Alloc by Sector'!$C$11 -> 0.2172804 | H33: =G33*$B$13 -> 92928.917 | I33: =+G33*$B$14 -> 36213.966 | J33: =G33*$B$15 -> 103211.81 | K33: =G33*$B$16 -> 74894.889 | L33: =G33*$B$17 -> 35501.423
A34: TOTAL | C34: =SUM(C23:C33) -> 40003505 | D34: =SUM(D23:D33) -> 19148863 | E34: =SUM(E23:E33) -> 12163508 | F34: =SUM(F23:F33) -> 71315876 | G34: =+F34/'Alloc by Sector'!$C$11 -> 1 | H34: =SUM(H23:H33) -> 427691.21 | I34: =SUM(I23:I33) -> 166669.27 | J34: =SUM(J23:J33) -> 475016.68 | K34: =SUM(K23:K33) -> 344692.34 | L34: =SUM(L23:L33) -> 163389.9

Sheet NMFS vs AGDB Check
A1: 2025 NMFS vs AGDB Allocation Match | I1: 1. When Steve Whitney sends Rockfish Allocation spreadsheet in March/April, copy paste the numbers into the tan boxes. 2. The Difference box will autocalcuate with the AGDB box and show where there may be errors. Communicate with Steve to get them resolved.
B4: AGDB | C4: POP | D4: NR | E4: DUSKY | F4: Sablefish | G4: Cod | H4: Thornyhd | I4: Halibut | J4: Total | L4: CP Allocations (mt) AGDB
B5: SBS | C5: ='CV Coop Sector Alloc'!J5 -> 3978.241 | D5: ='CV Coop Sector Alloc'!K5 -> 474.254 | E5: ='CV Coop Sector Alloc'!L5 -> 754.885 | F5: ='CV Coop Sector Alloc'!M5 -> 164.359 | G5: ='CV Coop Sector Alloc'!N5 -> 145.774 | H5: ='CV Coop Sector Alloc'!O5 -> 11.507 | I5: ='CV Coop Sector Alloc'!P5 -> 29.182 | J5: =SUM(C5:I5) -> 5558.202 | M5: POP | N5: NR | O5: Dusky | P5: Sable | Q5: Shortraker | R5: Rougheye | S5: Thornyhd | T5: Halibut
B6: North Pacific | C6: ='CV Coop Sector Alloc'!J6 -> 2527.059 | D6: ='CV Coop Sector Alloc'!K6 -> 291.378 | E6: ='CV Coop Sector Alloc'!L6 -> 565.949 | F6: ='CV Coop Sector Alloc'!M6 -> 106.588 | G6: ='CV Coop Sector Alloc'!N6 -> 94.536 | H6: ='CV Coop Sector Alloc'!O6 -> 7.462 | I6: ='CV Coop Sector Alloc'!P6 -> 18.925 | J6: =SUM(C6:I6) -> 3611.897 | L6: BUC Co-op | M6: ='CP Coop Sector Alloc'!L4 -> 9544.9276 | N6: ='CP Coop Sector Alloc'!M4 -> 1352.5792 | O6: ='CP Coop Sector Alloc'!N4 -> 2081.6849 | P6: ='CP Coop Sector Alloc'!O4 -> 193.9977 | Q6: ='CP Coop Sector Alloc'!P4 -> 75.6 | R6: ='CP Coop Sector Alloc'!Q4 -> 215.4642 | S6: ='CP Coop Sector Alloc'!R4 -> 156.35 | T6: ='CP Coop Sector Alloc'!S4 -> 74.1125
B7: OBSI | C7: ='CV Coop Sector Alloc'!J7 -> 3119.942 | D7: ='CV Coop Sector Alloc'!K7 -> 467.725 | E7: ='CV Coop Sector Alloc'!L7 -> 834.738 | F7: ='CV Coop Sector Alloc'!M7 -> 145.476 | G7: ='CV Coop Sector Alloc'!N7 -> 129.026 | H7: ='CV Coop Sector Alloc'!O7 -> 10.185 | I7: ='CV Coop Sector Alloc'!P7 -> 25.829 | J7: =SUM(C7:I7) -> 4732.921
B8: SOK | C8: ='CV Coop Sector Alloc'!J8 -> 5395.462 | D8: ='CV Coop Sector Alloc'!K8 -> 789.062 | E8: ='CV Coop Sector Alloc'!L8 -> 1280.741 | F8: ='CV Coop Sector Alloc'!M8 -> 244.218 | G8: ='CV Coop Sector Alloc'!N8 -> 216.602 | H8: ='CV Coop Sector Alloc'!O8 -> 17.099 | I8: ='CV Coop Sector Alloc'!P8 -> 43.361 | J8: =SUM(C8:I8) -> 7986.545 | L8: NMFS
B9: Pacific | C9: ='CV Coop Sector Alloc'!J9 -> 0 | D9: ='CV Coop Sector Alloc'!K9 -> 0 | E9: ='CV Coop Sector Alloc'!L9 -> 0 | F9: ='CV Coop Sector Alloc'!M9 -> 0 | G9: ='CV Coop Sector Alloc'!N9 -> 0 | H9: ='CV Coop Sector Alloc'!O9 -> 0 | I9: ='CV Coop Sector Alloc'!P9 -> 0 | J9: =SUM(C9:I9) -> 0 | M9: POP | N9: NR | O9: Dusky | P9: Sable | Q9: Shortraker | R9: Rougheye | S9: Thornyhd | T9: Halibut
B10: Total | C10: =SUM(C5:C9) -> 15020.704 | D10: =SUM(D5:D9) -> 2022.419 | E10: =SUM(E5:E9) -> 3436.313 | F10: =SUM(F5:F9) -> 660.641 | G10: =SUM(G5:G9) -> 585.938 | H10: =SUM(H5:H9) -> 46.253 | I10: =SUM(I5:I9) -> 117.297 | J10: =SUM(J5:J9) -> 21889.565 | L10: BUC Co-op | M10: 9683.294 | N10: 1352.579 | O10: 2081.685 | P10: 342.014 | Q10: 75.6 | R10: 211.343 | S10: 156.35 | T10: 74.1
B12: NMFS | C12: POP | D12: NR | E12: DUSKY | F12: Sablefish | G12: Cod | H12: Thornyhd | I12: Halibut | J12: Total | L12: Diff
B13: SBS | C13: 3978.241 | D13: 474.254 | E13: 754.885 | F13: 164.359 | G13: 145.774 | H13: 11.507 | I13: 29.182 | J13: =SUM(C13:I13) -> 5558.202 | M13: POP | N13: NR | O13: Dusky | P13: Sable | Q13: Shortraker | R13: Rougheye | S13: Thornyhd | T13: Halibut
B14: North Pacific | C14: 2527.059 | D14: 291.378 | E14: 565.949 | F14: 106.588 | G14: 94.536 | H14: 7.462 | I14: 18.925 | J14: =SUM(C14:I14) -> 3611.897 | L14: BUC Co-op | M14: =M6-M10 -> -138.36639 | N14: =N6-N10 -> 0.00020737778 | O14: =O6-O10 -> -7.0482796e-05 | P14: =P6-P10 -> -148.0163 | Q14: =Q6-Q10 -> 0 | R14: =R6-R10 -> 4.1212 | S14: =S6-S10 -> 0 | T14: =T6-T10 -> 0.0125
B15: OBSI | C15: 3119.942 | D15: 467.725 | E15: 834.738 | F15: 145.476 | G15: 129.026 | H15: 10.185 | I15: 25.829 | J15: =SUM(C15:I15) -> 4732.921
B16: SOK | C16: 5395.462 | D16: 789.062 | E16: 1280.741 | F16: 244.218 | G16: 216.602 | H16: 17.099 | I16: 43.361 | J16: =SUM(C16:I16) -> 7986.545
B17: Pacific | J17: =SUM(C17:I17) -> 0
B18: Total | C18: =SUM(C13:C17) -> 15020.704 | D18: =SUM(D13:D17) -> 2022.419 | E18: =SUM(E13:E17) -> 3436.313 | F18: =SUM(F13:F17) -> 660.641 | G18: =SUM(G13:G17) -> 585.938 | H18: =SUM(H13:H17) -> 46.253 | I18: =SUM(I13:I17) -> 117.297 | J18: =SUM(J13:J17) -> 21889.565
B20: DIFFERENCE | C20: POP | D20: NR | E20: DUSKY | F20: Sablefish | G20: Cod | H20: Thornyhd | I20: Halibut | J20: Total
B21: SBS | C21: =C5-C13 -> 0 | D21: =D5-D13 -> 0 | E21: =E5-E13 -> 0 | F21: =F5-F13 -> 0 | G21: =G5-G13 -> 0 | H21: =H5-H13 -> 0 | I21: =I5-I13 -> 0 | J21: =SUM(C21:I21) -> 0
B22: North Pacific | C22: =C6-C14 -> 0 | D22: =D6-D14 -> 0 | E22: =E6-E14 -> 0 | F22: =F6-F14 -> 0 | G22: =G6-G14 -> 0 | H22: =H6-H14 -> 0 | I22: =I6-I14 -> 0 | J22: =SUM(C22:I22) -> 0
B23: OBSI | C23: =C7-C15 -> 0 | D23: =D7-D15 -> 0 | E23: =E7-E15 -> 0 | F23: =F7-F15 -> 0 | G23: =G7-G15 -> 0 | H23: =H7-H15 -> 0 | I23: =I7-I15 -> 0 | J23: =SUM(C23:I23) -> 0
B24: SOK | C24: =C8-C16 -> 0 | D24: =D8-D16 -> 0 | E24: =E8-E16 -> 0 | F24: =F8-F16 -> 0 | G24: =G8-G16 -> 0 | H24: =H8-H16 -> 0 | I24: =I8-I16 -> 0 | J24: =SUM(C24:I24) -> 0
B25: Pacific | C25: =C9-C17 -> 0 | D25: =D9-D17 -> 0 | E25: =E9-E17 -> 0 | F25: =F9-F17 -> 0 | G25: =G9-G17 -> 0 | H25: =H9-H17 -> 0 | I25: =I9-I17 -> 0 | J25: =SUM(C25:I25) -> 0
B26: Total | C26: =SUM(C21:C25) -> 0 | D26: =SUM(D21:D25) -> 0 | E26: =SUM(E21:E25) -> 0 | F26: =SUM(F21:F25) -> 0 | G26: =SUM(G21:G25) -> 0 | H26: =SUM(H21:H25) -> 0 | I26: =SUM(I21:I25) -> 0 | J26: =SUM(C26:I26) -> 0
